date,year,hour,lat,lon,precinct,borough,offense_desc,law_category,premise_type
2023-11-01,2023.0,8.0,40.664209,-73.887752,75,BROOKLYN,HARRASSMENT 2,VIOLATION,RESIDENCE - APT. HOUSE
2018-12-14,2018.0,23.0,40.68946429526,-73.92402908995,81,BROOKLYN,SEX CRIMES,MISDEMEANOR,RESIDENCE - APT. HOUSE
2022-11-14,2022.0,0.0,40.837377,-73.906692,42,BRONX,GRAND LARCENY,FELONY,RESIDENCE - PUBLIC HOUSING
2023-11-28,2023.0,20.0,40.680528,-73.969538,78,BROOKLYN,GRAND LARCENY,FELONY,RESIDENCE - APT. HOUSE
2023-03-09,2023.0,0.0,40.80093037274,-73.94109824101,25,MANHATTAN,SEX CRIMES,MISDEMEANOR,RESIDENCE - APT. HOUSE
2022-01-11,2022.0,1.0,40.751276,-73.982501,14,MANHATTAN,FELONY ASSAULT,FELONY,RESIDENCE - APT. HOUSE
2023-02-05,2023.0,23.0,40.747157,-73.83006,109,QUEENS,ASSAULT 3 & RELATED OFFENSES,MISDEMEANOR,RESIDENCE - APT. HOUSE
2022-07-01,2022.0,12.0,40.749927,-73.770735,111,QUEENS,FRAUDS,MISDEMEANOR,RESIDENCE-HOUSE
2023-03-01,2023.0,0.0,40.81480347863,-73.95628448405,26,MANHATTAN,SEX CRIMES,MISDEMEANOR,OTHER
2023-10-09,2023.0,10.0,40.597637,-73.786588,101,QUEENS,FELONY ASSAULT,FELONY,RESIDENCE - PUBLIC HOUSING
2023-12-19,2023.0,13.0,40.837262,-73.924438,44,BRONX,GRAND LARCENY OF MOTOR VEHICLE,FELONY,STREET
2023-03-01,2023.0,12.0,40.708898,-73.777744,103,QUEENS,BURGLARY,FELONY,COMMERCIAL BUILDING
2022-09-03,2022.0,0.0,40.73389675845,-74.00539583734,6,MANHATTAN,SEX CRIMES,MISDEMEANOR,RESIDENCE - APT. HOUSE
2022-12-23,2022.0,6.0,40.640113,-73.899594,69,BROOKLYN,GRAND LARCENY,FELONY,STREET
2018-07-07,2018.0,9.0,40.651116,-73.952517,67,BROOKLYN,GRAND LARCENY,FELONY,RESIDENCE - APT. HOUSE
2023-01-05,2023.0,7.0,40.836236,-73.887321,42,BRONX,GRAND LARCENY,FELONY,RESIDENCE - APT. HOUSE
2022-06-15,2022.0,13.0,40.658511,-73.771711,116,QUEENS,FORGERY,FELONY,PUBLIC BUILDING
2023-04-25,2023.0,19.0,40.67998073847,-73.7762339072,113,QUEENS,RAPE,FELONY,RESIDENCE-HOUSE
2023-12-05,2023.0,19.0,40.81539,-73.909325,40,BRONX,PETIT LARCENY,MISDEMEANOR,RESIDENCE - APT. HOUSE
2019-12-23,2019.0,0.0,40.67113000169,-73.9135020552,73,BROOKLYN,SEX CRIMES,MISDEMEANOR,RESIDENCE - APT. HOUSE
2023-06-25,2023.0,13.0,40.741872,-73.917067,108,QUEENS,GRAND LARCENY,FELONY,RESIDENCE - APT. HOUSE
2019-10-13,2019.0,8.0,40.6042,-74.092453,122,STATEN ISLAND,GRAND LARCENY,FELONY,RESIDENCE-HOUSE
2023-12-30,2023.0,22.0,40.65271496,-73.8905965,75,BROOKLYN,ROBBERY,FELONY,STREET
2023-11-12,2023.0,12.0,40.715526,-74.001238,5,MANHATTAN,MISCELLANEOUS PENAL LAW,FELONY,OTHER
2023-01-01,2023.0,0.0,40.711484,-73.995524,5,MANHATTAN,FELONY ASSAULT,FELONY,RESIDENCE - APT. HOUSE
2019-10-19,2019.0,9.0,40.6984738177,-73.91776898122,83,BROOKLYN,SEX CRIMES,MISDEMEANOR,RESTAURANT/DINER
2023-11-01,2023.0,23.0,40.688524,-73.864925,102,QUEENS,ASSAULT 3 & RELATED OFFENSES,MISDEMEANOR,RESIDENCE-HOUSE
2018-12-20,2018.0,0.0,40.67135982034,-73.88181102317,75,BROOKLYN,SEX CRIMES,FELONY,RESIDENCE - APT. HOUSE
2023-11-17,2023.0,11.0,40.651396,-74.005622,72,BROOKLYN,THEFT-FRAUD,FELONY,RESIDENCE-HOUSE
2023-06-19,2023.0,23.0,40.688524,-73.864925,102,QUEENS,ASSAULT 3 & RELATED OFFENSES,MISDEMEANOR,RESIDENCE-HOUSE
2018-10-13,2018.0,0.0,40.57664597804,-73.97648039607,60,BROOKLYN,SEX CRIMES,MISDEMEANOR,RESIDENCE-HOUSE
2022-06-01,2022.0,0.0,40.63886517059,-74.02271208766,68,BROOKLYN,SEX CRIMES,MISDEMEANOR,HOMELESS SHELTER
2022-06-21,2022.0,21.0,40.64472094387,-74.0770327199,120,STATEN ISLAND,RAPE,FELONY,RESIDENCE-HOUSE
2023-05-12,2023.0,16.0,40.707045,-73.786394,103,QUEENS,HARRASSMENT 2,VIOLATION,PUBLIC SCHOOL
2023-11-19,2023.0,10.0,40.749212,-73.94011,108,QUEENS,GRAND LARCENY,FELONY,RESIDENCE - APT. HOUSE
2022-09-29,2022.0,11.0,40.801916,-73.935614,25,MANHATTAN,HARRASSMENT 2,VIOLATION,RESIDENCE - APT. HOUSE
2023-03-31,2023.0,8.0,40.543081,-74.203867,123,STATEN ISLAND,FRAUDS,MISDEMEANOR,RESIDENCE-HOUSE
2023-12-27,2023.0,9.0,40.823883,-73.93745,32,MANHATTAN,GRAND LARCENY,FELONY,RESIDENCE - APT. HOUSE
2022-12-17,2022.0,0.0,40.68900139556,-73.94502653287,79,BROOKLYN,SEX CRIMES,MISDEMEANOR,RESIDENCE - PUBLIC HOUSING
2022-12-02,2022.0,9.0,40.834077,-73.875208,43,BRONX,FELONY ASSAULT,FELONY,RESIDENCE - PUBLIC HOUSING
2022-01-01,2022.0,0.0,40.60277623008,-73.75011736483,101,QUEENS,RAPE,FELONY,RESIDENCE-HOUSE
2018-05-02,2018.0,0.0,40.84415660002,-73.90060544897,48,BRONX,SEX CRIMES,MISDEMEANOR,RESIDENCE - APT. HOUSE
2018-02-15,2018.0,0.0,40.663322,-73.996695,72,BROOKLYN,THEFT-FRAUD,FELONY,COMMERCIAL BUILDING
2018-03-21,2018.0,12.0,40.722611,-73.850015,112,QUEENS,FRAUDS,MISDEMEANOR,RESIDENCE - APT. HOUSE
2022-08-07,2022.0,0.0,40.706844,-74.016596,1,MANHATTAN,OFFENSES AGAINST THE PERSON,MISDEMEANOR,RESIDENCE - APT. HOUSE
2018-01-01,2018.0,22.0,40.88286213132,-73.9035744897,50,BRONX,SEX CRIMES,FELONY,RESIDENCE - APT. HOUSE
2023-08-10,2023.0,13.0,40.697033,-73.97163,88,BROOKLYN,FRAUDS,MISDEMEANOR,BUS (NYC TRANSIT)
2023-01-01,2023.0,0.0,40.797116,-73.945899,23,MANHATTAN,GRAND LARCENY,FELONY,RESIDENCE - APT. HOUSE
2023-03-22,2023.0,9.0,40.581003,-74.098092,122,STATEN ISLAND,FRAUDS,MISDEMEANOR,RESIDENCE-HOUSE
2023-12-23,2023.0,19.0,40.61905,-73.925411,63,BROOKLYN,OFF. AGNST PUB ORD SENSBLTY &,MISDEMEANOR,RESIDENCE - APT. HOUSE
2023-12-15,2023.0,10.0,40.737693,-73.854828,110,QUEENS,HARRASSMENT 2,VIOLATION,STREET
2023-06-01,2023.0,6.0,40.77573,-73.94875,19,MANHATTAN,HARRASSMENT 2,VIOLATION,RESIDENCE - APT. HOUSE
2023-01-01,2023.0,0.0,40.67633,-74.008682,76,BROOKLYN,MISCELLANEOUS PENAL LAW,FELONY,RESIDENCE - PUBLIC HOUSING
2023-01-01,2023.0,7.0,40.820628,-73.956302,30,MANHATTAN,THEFT-FRAUD,FELONY,RESIDENCE - APT. HOUSE
2023-09-01,2023.0,0.0,40.86947047705,-73.87986080373,52,BRONX,RAPE,FELONY,RESIDENCE - APT. HOUSE
2022-06-16,2022.0,15.0,40.88731363447,-73.84727175776,47,BRONX,RAPE,FELONY,RESIDENCE - APT. HOUSE
2022-01-01,2022.0,20.0,40.68365124069,-74.00030431202,76,BROOKLYN,SEX CRIMES,MISDEMEANOR,RESIDENCE - APT. HOUSE
2023-12-28,2023.0,0.0,40.578541,-74.111987,122,STATEN ISLAND,THEFT-FRAUD,FELONY,RESIDENCE-HOUSE
2023-08-01,2023.0,14.0,40.795174,-73.962131,24,MANHATTAN,OFF. AGNST PUB ORD SENSBLTY &,MISDEMEANOR,RESIDENCE - APT. HOUSE
2023-02-01,2023.0,12.0,40.739292,-73.997295,13,MANHATTAN,ASSAULT 3 & RELATED OFFENSES,MISDEMEANOR,RESIDENCE - APT. HOUSE
2023-05-11,2023.0,8.0,40.64684,-73.89773,69,BROOKLYN,HARRASSMENT 2,VIOLATION,RESIDENCE - APT. HOUSE
2023-12-09,2023.0,12.0,40.767199,-73.931426,114,QUEENS,PETIT LARCENY,MISDEMEANOR,RESIDENCE-HOUSE
2023-12-24,2023.0,9.0,40.66372476,-73.75925576,116,QUEENS,PETIT LARCENY,MISDEMEANOR,RESIDENCE-HOUSE
2019-07-21,2019.0,0.0,40.763393,-73.814293,109,QUEENS,HARRASSMENT 2,VIOLATION,CHAIN STORE
2022-10-01,2022.0,7.0,40.672138,-73.911218,73,BROOKLYN,THEFT-FRAUD,FELONY,RESIDENCE - PUBLIC HOUSING
2023-12-10,2023.0,18.0,40.67882919,-73.88815613,75,BROOKLYN,PETIT LARCENY,MISDEMEANOR,STREET
2022-09-14,2022.0,8.0,40.83872163,-73.91377061,44,BRONX,GRAND LARCENY,FELONY,MAILBOX OUTSIDE
2023-10-30,2023.0,18.0,40.642585,-74.018226,72,BROOKLYN,DANGEROUS DRUGS,FELONY,RESIDENCE-HOUSE
2022-01-14,2022.0,0.0,40.66524878,-73.78894843,113,QUEENS,FORGERY,FELONY,AIRPORT TERMINAL
2023-09-16,2023.0,13.0,40.76231580042,-73.82744800186,109,QUEENS,SEX CRIMES,FELONY,OTHER
2023-08-16,2023.0,6.0,40.63781047,-74.08727768,120,STATEN ISLAND,MISCELLANEOUS PENAL LAW,FELONY,OTHER
2022-12-08,2022.0,19.0,40.85121316769,-73.93521605199,34,MANHATTAN,SEX CRIMES,MISDEMEANOR,HOSPITAL
2018-01-03,2018.0,0.0,40.66524878,-73.78894843,113,QUEENS,THEFT-FRAUD,FELONY,AIRPORT TERMINAL
2022-11-04,2022.0,12.0,40.64389,-74.009802,72,BROOKLYN,GRAND LARCENY,FELONY,RESIDENCE-HOUSE
2023-05-01,2023.0,15.0,40.649198,-73.945044,67,BROOKLYN,GRAND LARCENY,FELONY,RESIDENCE-HOUSE
2022-03-01,2022.0,0.0,40.71305568,-74.00722513,1,MANHATTAN,MISCELLANEOUS PENAL LAW,FELONY,(NULL)
2018-08-01,2018.0,0.0,40.817208,-73.944178,32,MANHATTAN,PETIT LARCENY,MISDEMEANOR,RESIDENCE - APT. HOUSE
2022-06-27,2022.0,0.0,40.71305568,-74.00722513,1,MANHATTAN,MISCELLANEOUS PENAL LAW,FELONY,(NULL)
2022-05-22,2022.0,0.0,40.639198,-74.011094,72,BROOKLYN,THEFT-FRAUD,FELONY,RESIDENCE-HOUSE
2019-10-20,2019.0,0.0,40.69932415739,-73.83157088767,102,QUEENS,RAPE,FELONY,RESIDENCE-HOUSE
2023-12-26,2023.0,0.0,40.71305568,-74.00722513,1,MANHATTAN,MISCELLANEOUS PENAL LAW,FELONY,PUBLIC BUILDING
2019-01-01,2019.0,0.0,40.63886517059,-74.02271208766,68,BROOKLYN,SEX CRIMES,MISDEMEANOR,RESIDENCE - APT. HOUSE
2022-01-01,2022.0,0.0,40.78946329956,-73.94763400394,23,MANHATTAN,SEX CRIMES,MISDEMEANOR,RESIDENCE - APT. HOUSE
2023-02-11,2023.0,3.0,40.57428568819,-74.10591440512,122,STATEN ISLAND,RAPE,FELONY,RESIDENCE-HOUSE
2023-08-13,2023.0,15.0,40.67998073847,-73.7762339072,113,QUEENS,RAPE,FELONY,RESIDENCE-HOUSE
2023-05-16,2023.0,0.0,40.637497,-74.012861,72,BROOKLYN,GRAND LARCENY,FELONY,RESIDENCE - APT. HOUSE
2023-12-01,2023.0,16.0,40.812868,-73.918108,40,BRONX,GRAND LARCENY OF MOTOR VEHICLE,FELONY,STREET
2022-06-27,2022.0,0.0,40.71305568,-74.00722513,1,MANHATTAN,MISCELLANEOUS PENAL LAW,FELONY,PUBLIC BUILDING
2022-11-01,2022.0,10.0,40.677306,-73.883473,75,BROOKLYN,PETIT LARCENY,MISDEMEANOR,STREET
2023-07-21,2023.0,12.0,40.750411,-73.985237,14,MANHATTAN,PETIT LARCENY,MISDEMEANOR,RESIDENCE - APT. HOUSE
2018-06-02,2018.0,0.0,40.67358,-74.009292,76,BROOKLYN,GRAND LARCENY,FELONY,COMMERCIAL BUILDING
2022-06-08,2022.0,14.0,40.781667,-73.832202,109,QUEENS,DANGEROUS DRUGS,FELONY,STREET
2023-05-14,2023.0,20.0,40.81620584392,-73.89600119326,41,BRONX,SEX CRIMES,MISDEMEANOR,RESIDENCE - APT. HOUSE
2023-04-01,2023.0,0.0,40.589841,-73.95706,61,BROOKLYN,GRAND LARCENY,FELONY,RESIDENCE-HOUSE
2022-07-13,2022.0,0.0,40.706756,-74.010091,1,MANHATTAN,PETIT LARCENY,MISDEMEANOR,CHAIN STORE
2022-10-05,2022.0,0.0,40.85121316769,-73.93521605199,34,MANHATTAN,SEX CRIMES,FELONY,RESIDENCE - APT. HOUSE
2022-04-01,2022.0,1.0,40.74266360845,-73.99804910848,10,MANHATTAN,SEX CRIMES,MISDEMEANOR,PUBLIC SCHOOL
2023-08-01,2023.0,0.0,40.678271,-73.878957,75,BROOKLYN,OFF. AGNST PUB ORD SENSBLTY &,MISDEMEANOR,RESIDENCE-HOUSE
2023-06-05,2023.0,9.0,40.688542,-73.943496,79,BROOKLYN,THEFT-FRAUD,FELONY,RESIDENCE - APT. HOUSE
2023-10-17,2023.0,12.0,40.66563719,-73.99598808,72,BROOKLYN,PETIT LARCENY,MISDEMEANOR,PARKING LOT/GARAGE (PRIVATE)
2023-12-01,2023.0,0.0,40.67113000169,-73.9135020552,73,BROOKLYN,SEX CRIMES,MISDEMEANOR,RESIDENCE-HOUSE
2023-06-30,2023.0,8.0,40.593865,-73.759103,101,QUEENS,PETIT LARCENY,MISDEMEANOR,RESIDENCE-HOUSE
2022-10-18,2022.0,9.0,40.742388,-73.937836,108,QUEENS,UNAUTHORIZED USE OF A VEHICLE,MISDEMEANOR,COMMERCIAL BUILDING
2018-01-12,2018.0,15.0,40.904262,-73.854264,47,BRONX,ASSAULT 3 & RELATED OFFENSES,MISDEMEANOR,RESIDENCE-HOUSE
2018-01-12,2018.0,15.0,40.904262,-73.854264,47,BRONX,FELONY ASSAULT,FELONY,RESIDENCE-HOUSE
2023-11-26,2023.0,9.0,40.683079,-73.787699,113,QUEENS,GRAND LARCENY,FELONY,RESIDENCE-HOUSE
2018-01-12,2018.0,15.0,40.904262,-73.854264,47,BRONX,ASSAULT 3 & RELATED OFFENSES,MISDEMEANOR,RESIDENCE-HOUSE
2018-01-12,2018.0,15.0,40.88731363447,-73.84727175776,47,BRONX,SEX CRIMES,MISDEMEANOR,RESIDENCE-HOUSE
2023-12-08,2023.0,10.0,40.828151,-73.92195,44,BRONX,HARRASSMENT 2,VIOLATION,DOCTOR/DENTIST OFFICE
2023-07-01,2023.0,12.0,40.788741,-73.853143,109,QUEENS,ASSAULT 3 & RELATED OFFENSES,MISDEMEANOR,RESIDENCE-HOUSE
2022-11-30,2022.0,18.0,40.722088,-73.988195,7,MANHATTAN,PETIT LARCENY,MISDEMEANOR,DRUG STORE
2022-10-15,2022.0,15.0,40.879995,-73.858033,47,BRONX,FELONY ASSAULT,FELONY,RESIDENCE - APT. HOUSE
2022-09-13,2022.0,20.0,40.781667,-73.832202,109,QUEENS,DANGEROUS DRUGS,FELONY,STREET
2023-07-22,2023.0,0.0,40.68946429526,-73.92402908995,81,BROOKLYN,RAPE,FELONY,RESIDENCE-HOUSE
2023-10-05,2023.0,19.0,40.62870254,-73.91924772,63,BROOKLYN,PETIT LARCENY,MISDEMEANOR,STREET
2023-06-08,2023.0,4.0,40.759246,-73.868311,115,QUEENS,MURDER & NON-NEGL. MANSLAUGHTER,FELONY,(NULL)
2018-06-11,2018.0,0.0,40.67113000169,-73.9135020552,73,BROOKLYN,RAPE,FELONY,RESIDENCE - APT. HOUSE
2022-12-13,2022.0,16.0,40.841283,-73.912585,44,BRONX,GRAND LARCENY,FELONY,RESIDENCE - APT. HOUSE
2022-11-26,2022.0,11.0,40.7595,-73.774956,111,QUEENS,FELONY ASSAULT,FELONY,DRUG STORE
2019-01-01,2019.0,0.0,40.81620584392,-73.89600119326,41,BRONX,SEX CRIMES,FELONY,RESIDENCE - APT. HOUSE
2023-11-01,2023.0,9.0,40.689483,-73.867697,75,BROOKLYN,HARRASSMENT 2,VIOLATION,HOMELESS SHELTER
2023-01-01,2023.0,0.0,40.640319,-74.009928,72,BROOKLYN,GRAND LARCENY,FELONY,RESIDENCE - APT. HOUSE
2022-11-25,2022.0,0.0,40.81591307653,-73.94514930665,32,MANHATTAN,SEX CRIMES,FELONY,RESIDENCE - APT. HOUSE
2022-08-01,2022.0,0.0,40.737706,-73.81141,107,QUEENS,OFF. AGNST PUB ORD SENSBLTY &,MISDEMEANOR,RESIDENCE-HOUSE
2018-12-01,2018.0,0.0,40.75656758464,-73.87593153413,115,QUEENS,RAPE,FELONY,RESIDENCE - APT. HOUSE
2022-12-20,2022.0,16.0,40.8261,-73.951739,30,MANHATTAN,THEFT-FRAUD,FELONY,RESIDENCE - APT. HOUSE
2023-01-01,2023.0,0.0,40.85359836738,-73.90057688073,46,BRONX,RAPE,FELONY,RESIDENCE - APT. HOUSE
2019-08-01,2019.0,0.0,40.76231580042,-73.82744800186,109,QUEENS,SEX CRIMES,FELONY,RESIDENCE-HOUSE
2023-11-16,2023.0,8.0,40.72543198,-73.99677099,9,MANHATTAN,DANGEROUS DRUGS,FELONY,STREET
2023-07-01,2023.0,14.0,40.783058,-73.955108,19,MANHATTAN,GRAND LARCENY,FELONY,RESIDENCE - APT. HOUSE
2023-01-09,2023.0,10.0,40.764795,-73.923101,114,QUEENS,GRAND LARCENY,FELONY,COMMERCIAL BUILDING
2019-11-07,2019.0,8.0,40.902904,-73.843922,47,BRONX,GRAND LARCENY,FELONY,OTHER
2022-11-24,2022.0,20.0,40.70443502967,-73.89378071416,104,QUEENS,SEX CRIMES,MISDEMEANOR,RESIDENCE-HOUSE
2018-08-04,2018.0,10.0,40.733886,-73.816104,107,QUEENS,HARRASSMENT 2,VIOLATION,RESIDENCE - APT. HOUSE
2023-11-17,2023.0,14.0,40.726737,-73.996253,6,MANHATTAN,GRAND LARCENY,FELONY,MAILBOX OUTSIDE
2023-11-20,2023.0,0.0,40.623789,-73.963023,70,BROOKLYN,OTHER STATE LAWS,FELONY,RESIDENCE - APT. HOUSE
2022-01-01,2022.0,0.0,40.599401,-74.128126,121,STATEN ISLAND,FRAUDS,MISDEMEANOR,RESIDENCE-HOUSE
2023-06-18,2023.0,17.0,40.884433,-73.908421,50,BRONX,GRAND LARCENY,FELONY,RESIDENCE - APT. HOUSE
2023-08-16,2023.0,0.0,40.634084,-74.011036,68,BROOKLYN,PETIT LARCENY,MISDEMEANOR,STREET
2023-09-12,2023.0,18.0,40.80437576,-73.93742023,25,MANHATTAN,OTHER STATE LAWS (NON PENAL LAW),MISDEMEANOR,STREET
2023-11-14,2023.0,23.0,40.722369,-73.735699,105,QUEENS,OFF. AGNST PUB ORD SENSBLTY &,MISDEMEANOR,RESIDENCE-HOUSE
2019-04-25,2019.0,8.0,40.762269,-73.987986,18,MANHATTAN,GRAND LARCENY,FELONY,RESIDENCE - APT. HOUSE
2019-10-01,2019.0,9.0,40.808897,-73.914368,40,BRONX,THEFT-FRAUD,FELONY,RESIDENCE - APT. HOUSE
2023-10-01,2023.0,0.0,40.60499,-74.093545,122,STATEN ISLAND,FELONY ASSAULT,FELONY,RESIDENCE-HOUSE
2023-01-08,2023.0,20.0,40.752052,-74.002854,10,MANHATTAN,FELONY ASSAULT,FELONY,RESIDENCE - APT. HOUSE
2019-06-13,2019.0,6.0,40.713702,-73.94931,90,BROOKLYN,FRAUDS,MISDEMEANOR,RESIDENCE - APT. HOUSE
2022-12-05,2022.0,22.0,40.8607544,-73.83618212,49,BRONX,PETIT LARCENY,MISDEMEANOR,STREET
2018-03-15,2018.0,0.0,40.747108,-73.883842,110,QUEENS,GRAND LARCENY,FELONY,COMMERCIAL BUILDING
2019-01-01,2019.0,0.0,40.57664597804,-73.97648039607,60,BROOKLYN,SEX CRIMES,FELONY,RESIDENCE - APT. HOUSE
2022-11-18,2022.0,12.0,40.609196,-73.749448,101,QUEENS,PETIT LARCENY,MISDEMEANOR,RESIDENCE-HOUSE
2022-01-01,2022.0,9.0,40.708731,-73.810061,107,QUEENS,HARRASSMENT 2,VIOLATION,STREET
2023-10-04,2023.0,0.0,40.804689,-73.935095,25,MANHATTAN,GRAND LARCENY,FELONY,(NULL)
2018-02-06,2018.0,12.0,40.69292,-73.905822,83,BROOKLYN,THEFT-FRAUD,FELONY,RESIDENCE - APT. HOUSE
2022-03-30,2022.0,10.0,40.515778,-74.239086,123,STATEN ISLAND,THEFT-FRAUD,FELONY,RESIDENCE-HOUSE
2022-12-31,2022.0,19.0,40.755339,-73.94836,114,QUEENS,FELONY ASSAULT,FELONY,RESIDENCE - PUBLIC HOUSING
2022-09-23,2022.0,10.0,40.589853,-74.155073,121,STATEN ISLAND,FELONY ASSAULT,FELONY,RESIDENCE-HOUSE
2023-03-15,2023.0,8.0,40.8149,-73.902415,41,BRONX,THEFT-FRAUD,FELONY,RESIDENCE-HOUSE
2022-10-01,2022.0,0.0,40.656277,-73.923839,67,BROOKLYN,HARRASSMENT 2,VIOLATION,RESIDENCE-HOUSE
2023-06-01,2023.0,0.0,40.81591307653,-73.94514930665,32,MANHATTAN,SEX CRIMES,FELONY,RESIDENCE - APT. HOUSE
2022-05-01,2022.0,11.0,40.64472094387,-74.0770327199,120,STATEN ISLAND,SEX CRIMES,FELONY,PUBLIC SCHOOL
2022-12-22,2022.0,22.0,40.826906,-73.9253,44,BRONX,HARRASSMENT 2,VIOLATION,RESIDENCE - APT. HOUSE
2019-08-01,2019.0,0.0,40.75614,-73.89021,115,QUEENS,GRAND LARCENY,FELONY,RESIDENCE-HOUSE
2023-12-01,2023.0,0.0,40.60221616571,-74.00295079884,62,BROOKLYN,SEX CRIMES,MISDEMEANOR,RESIDENCE - APT. HOUSE
2023-10-01,2023.0,12.0,40.71592,-73.854111,112,QUEENS,GRAND LARCENY,FELONY,RESIDENCE-HOUSE
2022-11-12,2022.0,8.0,40.590294,-73.81373,100,QUEENS,PETIT LARCENY,MISDEMEANOR,OTHER
2023-11-09,2023.0,1.0,40.718616,-73.993595,5,MANHATTAN,HARRASSMENT 2,VIOLATION,STREET
2023-01-01,2023.0,0.0,40.67449568653,-73.9305713256,77,BROOKLYN,SEX CRIMES,MISDEMEANOR,OTHER
2022-01-01,2022.0,8.0,40.59166,-73.96018,61,BROOKLYN,THEFT-FRAUD,FELONY,RESIDENCE-HOUSE
2019-08-20,2019.0,10.0,40.735363,-73.996198,6,MANHATTAN,THEFT-FRAUD,FELONY,RESIDENCE - APT. HOUSE
2018-06-09,2018.0,0.0,40.6231883776,-74.14923769473,121,STATEN ISLAND,SEX CRIMES,MISDEMEANOR,RESIDENCE-HOUSE
2023-03-25,2023.0,9.0,40.83797,-73.885261,42,BRONX,OFF. AGNST PUB ORD SENSBLTY &,MISDEMEANOR,RESIDENCE - APT. HOUSE
2023-05-26,2023.0,11.0,40.667259,-73.882585,75,BROOKLYN,PETIT LARCENY,MISDEMEANOR,RESIDENCE - APT. HOUSE
2022-11-10,2022.0,13.0,40.577947,-73.839167,100,QUEENS,HARRASSMENT 2,VIOLATION,RESIDENCE - APT. HOUSE
2019-02-01,2019.0,19.0,40.85121316769,-73.93521605199,34,MANHATTAN,SEX CRIMES,MISDEMEANOR,RESIDENCE - APT. HOUSE
2023-04-13,2023.0,0.0,40.763151,-73.966472,19,MANHATTAN,THEFT-FRAUD,FELONY,RESIDENCE - APT. HOUSE
2022-12-21,2022.0,9.0,40.694389,-73.987196,84,BROOKLYN,MISCELLANEOUS PENAL LAW,FELONY,COMMERCIAL BUILDING
2022-02-16,2022.0,9.0,40.760733,-73.766148,111,QUEENS,GRAND LARCENY,FELONY,BANK
2023-03-19,2023.0,2.0,40.678147,-73.773522,113,QUEENS,GRAND LARCENY,FELONY,RESIDENCE - APT. HOUSE
2022-11-06,2022.0,0.0,40.768311,-73.957182,19,MANHATTAN,GRAND LARCENY,FELONY,RESIDENCE - APT. HOUSE
2023-12-05,2023.0,8.0,40.760188,-73.790649,111,QUEENS,THEFT-FRAUD,FELONY,RESIDENCE-HOUSE
2023-10-01,2023.0,12.0,40.761429,-73.999735,10,MANHATTAN,GRAND LARCENY OF MOTOR VEHICLE,FELONY,STREET
2023-12-21,2023.0,0.0,40.708778,-73.793504,103,QUEENS,THEFT-FRAUD,FELONY,RESIDENCE-HOUSE
2022-12-18,2022.0,0.0,40.699336,-73.784136,103,QUEENS,THEFT-FRAUD,FELONY,RESIDENCE-HOUSE
2023-07-21,2023.0,12.0,40.710481,-73.815854,107,QUEENS,THEFT-FRAUD,FELONY,RESIDENCE-HOUSE
2022-01-07,2022.0,9.0,40.847914,-73.909991,46,BRONX,THEFT-FRAUD,FELONY,RESIDENCE - APT. HOUSE
2022-01-01,2022.0,8.0,40.58092,-73.971485,60,BROOKLYN,THEFT-FRAUD,FELONY,RESIDENCE - APT. HOUSE
2023-02-06,2023.0,15.0,40.72264099648,-73.85154182168,112,QUEENS,SEX CRIMES,MISDEMEANOR,OTHER
2023-11-01,2023.0,0.0,40.73720309857,-73.98327259815,13,MANHATTAN,SEX CRIMES,MISDEMEANOR,HOTEL/MOTEL
2023-11-03,2023.0,9.0,40.757845,-73.961799,17,MANHATTAN,PETIT LARCENY,MISDEMEANOR,RESIDENCE - APT. HOUSE
2023-10-23,2023.0,0.0,40.759532,-73.905004,114,QUEENS,GRAND LARCENY,FELONY,RESIDENCE - APT. HOUSE
2022-06-01,2022.0,9.0,40.67135982034,-73.88181102317,75,BROOKLYN,SEX CRIMES,FELONY,RESIDENCE-HOUSE
2023-11-25,2023.0,16.0,40.739507,-73.906434,108,QUEENS,HARRASSMENT 2,VIOLATION,RESIDENCE - APT. HOUSE
2023-01-22,2023.0,15.0,40.772561,-73.989768,20,MANHATTAN,HARRASSMENT 2,VIOLATION,RESIDENCE - APT. HOUSE
2022-03-31,2022.0,0.0,40.74491,-73.983985,14,MANHATTAN,GRAND LARCENY,FELONY,COMMERCIAL BUILDING
2018-05-01,2018.0,0.0,40.817208,-73.944178,32,MANHATTAN,OFFENSES RELATED TO CHILDREN,MISDEMEANOR,RESIDENCE - APT. HOUSE
2022-05-18,2022.0,16.0,40.759308,-73.96529308,17,MANHATTAN,FORGERY,FELONY,STREET
2022-03-01,2022.0,0.0,40.734479,-73.86472,110,QUEENS,GRAND LARCENY,FELONY,COMMERCIAL BUILDING
2023-10-24,2023.0,20.0,40.896484,-73.86463,47,BRONX,PETIT LARCENY,MISDEMEANOR,STREET
2023-04-27,2023.0,10.0,40.73779438,-73.97474412,13,MANHATTAN,FORGERY,FELONY,STREET
2023-01-01,2023.0,12.0,40.86947047705,-73.87986080373,52,BRONX,SEX CRIMES,MISDEMEANOR,RESIDENCE - APT. HOUSE
2023-10-13,2023.0,11.0,40.707447,-73.792141,103,QUEENS,FORGERY,FELONY,PUBLIC BUILDING
2022-06-01,2022.0,0.0,40.76231580042,-73.82744800186,109,QUEENS,RAPE,FELONY,RESIDENCE-HOUSE
2018-03-12,2018.0,9.0,40.703999,-73.939747,90,BROOKLYN,GRAND LARCENY,FELONY,RESIDENCE - PUBLIC HOUSING
2022-05-20,2022.0,9.0,40.637288,-74.00189,66,BROOKLYN,GRAND LARCENY,FELONY,RESIDENCE-HOUSE
2022-12-01,2022.0,0.0,40.640108,-74.00656,72,BROOKLYN,FRAUDS,MISDEMEANOR,RESIDENCE-HOUSE
2022-10-29,2022.0,13.0,40.691013,-73.983457,84,BROOKLYN,GRAND LARCENY,FELONY,CLOTHING/BOUTIQUE
2023-09-15,2023.0,9.0,40.807893,-73.917911,40,BRONX,GRAND LARCENY,FELONY,MAILBOX INSIDE
2022-05-10,2022.0,12.0,40.786315,-73.94404,23,MANHATTAN,PETIT LARCENY,MISDEMEANOR,RESIDENCE - APT. HOUSE
2023-03-23,2023.0,15.0,40.858059,-73.859215,49,BRONX,HARRASSMENT 2,VIOLATION,OTHER
2023-09-20,2023.0,21.0,40.720177,-73.986456,7,MANHATTAN,PETIT LARCENY,MISDEMEANOR,RESIDENCE - APT. HOUSE
2023-03-01,2023.0,8.0,40.8565767276,-73.84389367793,49,BRONX,SEX CRIMES,MISDEMEANOR,PRIVATE/PAROCHIAL SCHOOL
2023-09-25,2023.0,12.0,40.545773,-74.152987,122,STATEN ISLAND,GRAND LARCENY,FELONY,RESIDENCE-HOUSE
2023-12-27,2023.0,0.0,40.635599,-74.089992,120,STATEN ISLAND,GRAND LARCENY,FELONY,RESIDENCE-HOUSE
2019-11-01,2019.0,0.0,40.74348126388,-73.8740035374,110,QUEENS,RAPE,FELONY,RESIDENCE-HOUSE
2023-01-01,2023.0,0.0,40.51936,-74.210821,123,STATEN ISLAND,THEFT-FRAUD,FELONY,RESIDENCE-HOUSE
2023-10-23,2023.0,14.0,40.816718,-73.911663,40,BRONX,CRIMINAL MISCHIEF & RELATED OF,FELONY,(NULL)
2019-01-01,2019.0,0.0,40.602352,-73.764207,101,QUEENS,GRAND LARCENY,FELONY,RESIDENCE-HOUSE
2022-10-22,2022.0,9.0,40.825577,-73.947362,30,MANHATTAN,PETIT LARCENY,MISDEMEANOR,STREET
2023-11-03,2023.0,0.0,40.732148,-73.876108,110,QUEENS,HARRASSMENT 2,VIOLATION,RESIDENCE - APT. HOUSE
2023-04-02,2023.0,15.0,40.737481,-73.937877,108,QUEENS,GRAND LARCENY,FELONY,STORAGE FACILITY
2023-09-01,2023.0,0.0,40.708586,-73.749753,105,QUEENS,GRAND LARCENY,FELONY,RESIDENCE-HOUSE
2018-01-01,2018.0,15.0,40.68365124069,-74.00030431202,76,BROOKLYN,SEX CRIMES,MISDEMEANOR,PARK/PLAYGROUND
2023-05-31,2023.0,0.0,40.793674,-73.972509,24,MANHATTAN,GRAND LARCENY,FELONY,BANK
2023-06-01,2023.0,9.0,40.602841,-73.952066,61,BROOKLYN,OFF. AGNST PUB ORD SENSBLTY &,MISDEMEANOR,RESIDENCE - APT. HOUSE
2022-01-01,2022.0,4.0,40.83797,-73.885261,42,BRONX,THEFT-FRAUD,FELONY,OTHER
2022-10-16,2022.0,19.0,40.562075,-74.113282,122,STATEN ISLAND,HARRASSMENT 2,VIOLATION,RESIDENCE - APT. HOUSE
2019-06-22,2019.0,20.0,40.76949511844,-73.91502417039,114,QUEENS,RAPE,FELONY,PARKING LOT/GARAGE (PRIVATE)
2023-12-21,2023.0,0.0,40.716345,-74.001252,5,MANHATTAN,OTHER STATE LAWS,FELONY,PUBLIC BUILDING
2023-09-14,2023.0,2.0,40.853629,-73.852783,49,BRONX,PETIT LARCENY,MISDEMEANOR,STREET
2022-11-20,2022.0,20.0,40.743003,-73.917298,108,QUEENS,HARRASSMENT 2,VIOLATION,COMMERCIAL BUILDING
2019-02-28,2019.0,9.0,40.659868,-73.738274,116,QUEENS,THEFT-FRAUD,FELONY,RESIDENCE-HOUSE
2023-07-27,2023.0,0.0,40.702056,-73.944161,90,BROOKLYN,PETIT LARCENY,MISDEMEANOR,RESIDENCE - APT. HOUSE
2023-06-06,2023.0,12.0,40.761715,-73.965007,19,MANHATTAN,THEFT-FRAUD,FELONY,RESIDENCE - APT. HOUSE
2023-02-23,2023.0,22.0,40.81591307653,-73.94514930665,32,MANHATTAN,SEX CRIMES,MISDEMEANOR,RESIDENCE - APT. HOUSE
2018-09-28,2018.0,0.0,40.68034,-73.930039,81,BROOKLYN,GRAND LARCENY,FELONY,RESIDENCE - APT. HOUSE
2022-05-02,2022.0,8.0,40.730391,-73.974395,13,MANHATTAN,GRAND LARCENY,FELONY,RESIDENCE - APT. HOUSE
2018-07-01,2018.0,0.0,40.68946429526,-73.92402908995,81,BROOKLYN,SEX CRIMES,MISDEMEANOR,RESIDENCE - APT. HOUSE
2023-10-29,2023.0,10.0,40.610158,-73.96091,70,BROOKLYN,HARRASSMENT 2,VIOLATION,CHURCH
2023-11-26,2023.0,12.0,40.57428568819,-74.10591440512,122,STATEN ISLAND,SEX CRIMES,MISDEMEANOR,RESIDENCE-HOUSE
2022-05-01,2022.0,0.0,40.72264099648,-73.85154182168,112,QUEENS,SEX CRIMES,MISDEMEANOR,DOCTOR/DENTIST OFFICE
2023-01-01,2023.0,12.0,40.75784,-73.991213,14,MANHATTAN,GRAND LARCENY,FELONY,BANK
2022-11-21,2022.0,9.0,40.719627,-73.999452,5,MANHATTAN,GRAND LARCENY,FELONY,COMMERCIAL BUILDING
2022-07-25,2022.0,0.0,40.761024,-73.83007,109,QUEENS,GRAND LARCENY,FELONY,DOCTOR/DENTIST OFFICE
2022-02-16,2022.0,0.0,40.7542,-73.965928,17,MANHATTAN,GRAND LARCENY,FELONY,BEAUTY & NAIL SALON
2023-01-01,2023.0,0.0,40.83321787,-73.89944952,42,BRONX,PETIT LARCENY,MISDEMEANOR,STREET
2023-10-15,2023.0,19.0,40.579162,-74.000371,60,BROOKLYN,HARRASSMENT 2,VIOLATION,RESIDENCE - APT. HOUSE
2023-10-14,2023.0,17.0,40.64885074699,-73.95101651062,67,BROOKLYN,SEX CRIMES,MISDEMEANOR,RESIDENCE-HOUSE
2023-11-08,2023.0,9.0,40.694389,-73.987196,84,BROOKLYN,OFFENSES AGAINST PUBLIC ADMINI,MISDEMEANOR,PUBLIC BUILDING
2023-11-20,2023.0,12.0,40.668687,-73.873308,75,BROOKLYN,HARRASSMENT 2,VIOLATION,RESIDENCE - PUBLIC HOUSING
2023-04-07,2023.0,7.0,40.672777,-73.959026,77,BROOKLYN,HARRASSMENT 2,VIOLATION,RESIDENCE - APT. HOUSE
2022-09-30,2022.0,13.0,40.580856,-73.963645,60,BROOKLYN,THEFT-FRAUD,FELONY,RESIDENCE - APT. HOUSE
2023-08-01,2023.0,0.0,40.57428568819,-74.10591440512,122,STATEN ISLAND,SEX CRIMES,MISDEMEANOR,RESIDENCE - PUBLIC HOUSING
2023-01-03,2023.0,14.0,40.88315,-73.843366,47,BRONX,THEFT-FRAUD,FELONY,RESIDENCE - PUBLIC HOUSING
2018-05-01,2018.0,8.0,40.749487,-73.899461,108,QUEENS,PETIT LARCENY,MISDEMEANOR,RESIDENCE - APT. HOUSE
2022-07-01,2022.0,10.0,40.572467,-74.123277,122,STATEN ISLAND,GRAND LARCENY,FELONY,RESIDENCE-HOUSE
2022-04-10,2022.0,17.0,40.701048,-73.920103,83,BROOKLYN,OFF. AGNST PUB ORD SENSBLTY &,MISDEMEANOR,RESIDENCE - APT. HOUSE
2023-12-01,2023.0,0.0,40.76502407883,-73.98483594971,18,MANHATTAN,RAPE,FELONY,RESIDENCE - APT. HOUSE
2023-07-07,2023.0,18.0,40.806593,-73.912903,40,BRONX,PETIT LARCENY,MISDEMEANOR,RESIDENCE-HOUSE
2022-01-01,2022.0,0.0,40.82291230848,-73.87004130432,43,BRONX,RAPE,FELONY,RESIDENCE - APT. HOUSE
2023-06-25,2023.0,12.0,40.747541,-73.914025,108,QUEENS,HARRASSMENT 2,VIOLATION,RESIDENCE - APT. HOUSE
2022-12-26,2022.0,0.0,40.671459,-73.820596,106,QUEENS,HARRASSMENT 2,VIOLATION,RESIDENCE-HOUSE
2023-04-24,2023.0,8.0,40.803914,-73.878308,41,BRONX,THEFT-FRAUD,FELONY,(NULL)
2023-03-01,2023.0,0.0,40.600072,-73.955692,61,BROOKLYN,GRAND LARCENY,FELONY,RESIDENCE - APT. HOUSE
2023-01-11,2023.0,12.0,40.591763,-73.798986,100,QUEENS,FRAUDS,MISDEMEANOR,RESIDENCE - APT. HOUSE
2023-10-26,2023.0,0.0,40.747834,-73.876605,110,QUEENS,GRAND LARCENY,FELONY,RESIDENCE - APT. HOUSE
2023-01-01,2023.0,0.0,40.84078110886,-73.93624538182,33,MANHATTAN,SEX CRIMES,MISDEMEANOR,RESIDENCE - APT. HOUSE
2023-11-29,2023.0,12.0,40.800783,-73.965465,24,MANHATTAN,GRAND LARCENY,FELONY,RESIDENCE-HOUSE
2022-10-08,2022.0,23.0,40.871176,-73.852237,49,BRONX,HARRASSMENT 2,VIOLATION,RESIDENCE - PUBLIC HOUSING
2023-09-05,2023.0,12.0,40.831238,-73.943227,30,MANHATTAN,HARRASSMENT 2,VIOLATION,RESIDENCE - PUBLIC HOUSING
2019-01-02,2019.0,18.0,40.85121316769,-73.93521605199,34,MANHATTAN,SEX CRIMES,FELONY,RESIDENCE - APT. HOUSE
2023-12-29,2023.0,22.0,40.869075,-73.880601,52,BRONX,POSSESSION OF STOLEN PROPERTY,FELONY,OTHER
2023-11-27,2023.0,15.0,40.789601,-73.929985,25,MANHATTAN,OTHER STATE LAWS,FELONY,HOMELESS SHELTER
2023-12-22,2023.0,10.0,40.705617,-73.792092,103,QUEENS,THEFT-FRAUD,FELONY,RESIDENCE - APT. HOUSE
2023-04-13,2023.0,15.0,40.83774,-73.926652,44,BRONX,FORGERY,FELONY,MAILBOX INSIDE
2023-08-20,2023.0,2.0,40.70443502967,-73.89378071416,104,QUEENS,RAPE,FELONY,RESIDENCE - APT. HOUSE
2023-05-01,2023.0,8.0,40.808632,-73.953494,28,MANHATTAN,CRIMINAL TRESPASS,MISDEMEANOR,RESIDENCE - APT. HOUSE
2023-08-16,2023.0,9.0,40.705322,-73.913456,104,QUEENS,FRAUDS,MISDEMEANOR,RESIDENCE - APT. HOUSE
2022-04-01,2022.0,0.0,40.71630999173,-73.98316601369,7,MANHATTAN,SEX CRIMES,MISDEMEANOR,RESIDENCE - PUBLIC HOUSING
2023-07-03,2023.0,22.0,40.71041,-73.908853,104,QUEENS,ASSAULT 3 & RELATED OFFENSES,MISDEMEANOR,RESIDENCE-HOUSE
2018-11-05,2018.0,0.0,40.720871,-73.947874,94,BROOKLYN,GRAND LARCENY,FELONY,RESIDENCE - APT. HOUSE
2023-03-01,2023.0,15.0,40.716267,-73.984093,7,MANHATTAN,PETIT LARCENY,MISDEMEANOR,RESIDENCE - APT. HOUSE
2022-08-15,2022.0,8.0,40.685879,-73.793582,113,QUEENS,PETIT LARCENY,MISDEMEANOR,RESIDENCE-HOUSE
2018-10-06,2018.0,21.0,40.86947047705,-73.87986080373,52,BRONX,SEX CRIMES,FELONY,RESIDENCE - APT. HOUSE
2023-12-23,2023.0,12.0,40.735125,-73.861748,110,QUEENS,HARRASSMENT 2,VIOLATION,RESIDENCE - APT. HOUSE
2019-09-28,2019.0,2.0,40.82098885,-73.89490476,41,BRONX,FRAUDS,MISDEMEANOR,STREET
2023-08-21,2023.0,12.0,40.75205,-73.936983,114,QUEENS,THEFT-FRAUD,FELONY,RESIDENCE-HOUSE
2019-09-18,2019.0,6.0,40.666286,-73.734144,116,QUEENS,RAPE,FELONY,RESIDENCE-HOUSE
2023-10-09,2023.0,10.0,40.678853,-73.830408,106,QUEENS,GRAND LARCENY,FELONY,RESIDENCE-HOUSE
2023-11-05,2023.0,9.0,40.603886,-73.942545,61,BROOKLYN,FRAUDS,MISDEMEANOR,RESIDENCE - APT. HOUSE
2023-09-11,2023.0,9.0,40.834623,-73.920765,44,BRONX,PETIT LARCENY,MISDEMEANOR,RESIDENCE - APT. HOUSE
2023-01-01,2023.0,8.0,40.801687,-73.91733302,40,BRONX,FRAUDS,MISDEMEANOR,HIGHWAY/PARKWAY
2023-10-03,2023.0,22.0,40.795169,-73.946256,23,MANHATTAN,CRIMINAL MISCHIEF & RELATED OF,MISDEMEANOR,RESIDENCE - PUBLIC HOUSING
2022-01-01,2022.0,0.0,40.673233,-73.7971,113,QUEENS,GRAND LARCENY,FELONY,RESIDENCE-HOUSE
2023-08-09,2023.0,0.0,40.786917,-73.844619,109,QUEENS,GRAND LARCENY,FELONY,RESIDENCE-HOUSE
2019-01-01,2019.0,20.0,40.74348126388,-73.8740035374,110,QUEENS,RAPE,FELONY,RESIDENCE-HOUSE
2023-12-23,2023.0,18.0,40.76502407883,-73.98483594971,18,MANHATTAN,SEX CRIMES,FELONY,RESIDENCE - APT. HOUSE
2023-01-30,2023.0,10.0,40.708942,-73.797103,103,QUEENS,PETIT LARCENY,MISDEMEANOR,RESIDENCE - APT. HOUSE
2019-11-25,2019.0,8.0,40.681379,-73.821785,106,QUEENS,THEFT-FRAUD,FELONY,RESIDENCE-HOUSE
2023-05-04,2023.0,20.0,40.66524878,-73.78894843,113,QUEENS,PETIT LARCENY,MISDEMEANOR,AIRPORT TERMINAL
2022-04-13,2022.0,15.0,40.740819,-73.974239,13,MANHATTAN,OTHER STATE LAWS,FELONY,HOMELESS SHELTER
2019-01-04,2019.0,8.0,40.772905,-73.840866,109,QUEENS,PETIT LARCENY,MISDEMEANOR,STREET
2023-03-01,2023.0,12.0,40.655514,-73.907119,73,BROOKLYN,PETIT LARCENY,MISDEMEANOR,OTHER
2023-10-22,2023.0,0.0,40.76231580042,-73.82744800186,109,QUEENS,SEX CRIMES,FELONY,RESIDENCE - APT. HOUSE
2023-12-26,2023.0,17.0,40.71546,-74.0019,5,MANHATTAN,FORGERY,FELONY,PUBLIC BUILDING
2023-05-01,2023.0,9.0,40.591371,-73.992325,62,BROOKLYN,GRAND LARCENY,FELONY,RESIDENCE-HOUSE
2023-11-21,2023.0,19.0,40.780828,-73.781552,109,QUEENS,FELONY ASSAULT,FELONY,RESIDENCE - APT. HOUSE
2019-10-01,2019.0,8.0,40.6902236042,-73.960278586,88,BROOKLYN,SEX CRIMES,MISDEMEANOR,RESTAURANT/DINER
2018-06-07,2018.0,12.0,40.739399,-73.712984,105,QUEENS,GRAND LARCENY,FELONY,RESIDENCE-HOUSE
2023-12-14,2023.0,12.0,40.70654839478,-73.95040063356,90,BROOKLYN,SEX CRIMES,MISDEMEANOR,RESIDENCE - PUBLIC HOUSING
2023-10-04,2023.0,7.0,40.678155,-73.857877,106,QUEENS,GRAND LARCENY OF MOTOR VEHICLE,FELONY,RESIDENCE-HOUSE
2022-11-06,2022.0,0.0,40.83784212093,-73.91962775174,44,BRONX,SEX CRIMES,FELONY,RESIDENCE - APT. HOUSE
2023-09-26,2023.0,0.0,40.6281697437,-73.94135878348,63,BROOKLYN,SEX CRIMES,MISDEMEANOR,RESIDENCE-HOUSE
2019-02-05,2019.0,0.0,40.802573,-73.935196,25,MANHATTAN,FRAUDS,MISDEMEANOR,RESIDENCE - APT. HOUSE
2022-07-16,2022.0,12.0,40.672998,-73.800075,113,QUEENS,GRAND LARCENY,FELONY,RESIDENCE-HOUSE
2019-08-27,2019.0,0.0,40.619732,-74.123469,120,STATEN ISLAND,GRAND LARCENY,FELONY,COMMERCIAL BUILDING
2023-10-17,2023.0,12.0,40.622256,-73.937074,63,BROOKLYN,PETIT LARCENY,MISDEMEANOR,RESIDENCE - APT. HOUSE
2022-03-06,2022.0,11.0,40.812387,-73.904941,40,BRONX,GRAND LARCENY,FELONY,HOSPITAL
2023-07-01,2023.0,12.0,40.737377,-73.858295,110,QUEENS,HARRASSMENT 2,VIOLATION,RESIDENCE - APT. HOUSE
2022-11-10,2022.0,0.0,40.754738,-73.989758,14,MANHATTAN,GRAND LARCENY,FELONY,COMMERCIAL BUILDING
2023-09-28,2023.0,20.0,40.807353,-73.939476,25,MANHATTAN,GRAND LARCENY,FELONY,COMMERCIAL BUILDING
2023-07-13,2023.0,9.0,40.611128,-73.986081,62,BROOKLYN,FRAUDS,MISDEMEANOR,RESIDENCE - APT. HOUSE
2022-10-15,2022.0,0.0,40.617137,-73.956958,70,BROOKLYN,GRAND LARCENY,FELONY,RESIDENCE - APT. HOUSE
2023-10-02,2023.0,0.0,40.670426,-73.763625,116,QUEENS,THEFT-FRAUD,FELONY,RESIDENCE-HOUSE
2022-09-26,2022.0,0.0,40.667298,-73.909163,73,BROOKLYN,THEFT-FRAUD,FELONY,RESIDENCE - PUBLIC HOUSING
2023-07-08,2023.0,0.0,40.866547,-73.888622,52,BRONX,GRAND LARCENY,FELONY,RESIDENCE - APT. HOUSE
2022-07-10,2022.0,15.0,40.784561,-73.776893,109,QUEENS,PETIT LARCENY,MISDEMEANOR,RESIDENCE-HOUSE
2023-09-19,2023.0,11.0,40.87369752,-73.82438416,45,BRONX,PETIT LARCENY,MISDEMEANOR,STREET
2018-01-01,2018.0,0.0,40.70654839478,-73.95040063356,90,BROOKLYN,RAPE,FELONY,RESIDENCE - PUBLIC HOUSING
2022-10-06,2022.0,14.0,40.738836,-73.705911,105,QUEENS,GRAND LARCENY,FELONY,RESIDENCE-HOUSE
2023-01-02,2023.0,12.0,40.683397,-73.813734,106,QUEENS,THEFT-FRAUD,FELONY,RESIDENCE-HOUSE
2023-06-29,2023.0,14.0,40.651575,-73.828926,106,QUEENS,GRAND LARCENY,FELONY,RESIDENCE-HOUSE
2023-09-22,2023.0,16.0,40.759593,-73.980657,18,MANHATTAN,PETIT LARCENY,MISDEMEANOR,DRUG STORE
2018-09-05,2018.0,7.0,40.675341,-73.769062,113,QUEENS,HARRASSMENT 2,VIOLATION,RESIDENCE - APT. HOUSE
2022-12-31,2022.0,12.0,40.661942,-73.92103,67,BROOKLYN,FRAUDS,MISDEMEANOR,RESIDENCE - APT. HOUSE
2023-11-27,2023.0,17.0,40.771022,-73.989036,20,MANHATTAN,PETIT LARCENY,MISDEMEANOR,PARKING LOT/GARAGE (PUBLIC)
2023-09-22,2023.0,19.0,40.746446,-73.881638,110,QUEENS,HARRASSMENT 2,VIOLATION,RESIDENCE - APT. HOUSE
2023-12-29,2023.0,12.0,40.776404,-73.954288,19,MANHATTAN,GRAND LARCENY,FELONY,RESIDENCE - APT. HOUSE
2022-09-21,2022.0,1.0,40.67371,-73.930658,77,BROOKLYN,PETIT LARCENY,MISDEMEANOR,DRY CLEANER/LAUNDRY
2023-11-27,2023.0,10.0,40.693777,-73.907325,83,BROOKLYN,GRAND LARCENY,FELONY,RESIDENCE - APT. HOUSE
2023-01-23,2023.0,12.0,40.663629,-73.773617,116,QUEENS,THEFT-FRAUD,FELONY,RESIDENCE-HOUSE
2022-12-15,2022.0,0.0,40.82291230848,-73.87004130432,43,BRONX,SEX CRIMES,MISDEMEANOR,RESIDENCE - APT. HOUSE
2023-09-19,2023.0,13.0,40.881755,-73.882355,52,BRONX,ROBBERY,FELONY,BANK
2023-12-01,2023.0,0.0,40.67135982034,-73.88181102317,75,BROOKLYN,SEX CRIMES,MISDEMEANOR,RESIDENCE-HOUSE
2019-10-01,2019.0,19.0,40.642926,-73.954041,67,BROOKLYN,FELONY ASSAULT,FELONY,RESIDENCE - APT. HOUSE
2022-11-15,2022.0,23.0,40.614296,-73.959333,70,BROOKLYN,HARRASSMENT 2,VIOLATION,RESIDENCE-HOUSE
2022-07-28,2022.0,8.0,40.791275,-73.941971,23,MANHATTAN,GRAND LARCENY,FELONY,RESIDENCE - APT. HOUSE
2023-11-23,2023.0,9.0,40.820673,-73.824057,45,BRONX,OFF. AGNST PUB ORD SENSBLTY &,MISDEMEANOR,RESIDENCE - PUBLIC HOUSING
2022-09-01,2022.0,16.0,40.626282,-73.962548,70,BROOKLYN,ASSAULT 3 & RELATED OFFENSES,MISDEMEANOR,STREET
2023-12-08,2023.0,13.0,40.731291,-73.847453,112,QUEENS,FRAUDS,MISDEMEANOR,RESIDENCE - APT. HOUSE
2022-10-01,2022.0,21.0,40.626282,-73.962548,70,BROOKLYN,ASSAULT 3 & RELATED OFFENSES,MISDEMEANOR,RESIDENCE-HOUSE
2023-11-23,2023.0,9.0,40.821023,-73.826044,45,BRONX,OFF. AGNST PUB ORD SENSBLTY &,MISDEMEANOR,RESIDENCE - PUBLIC HOUSING
2023-11-01,2023.0,14.0,40.618062,-73.970711,66,BROOKLYN,ASSAULT 3 & RELATED OFFENSES,MISDEMEANOR,RESIDENCE - APT. HOUSE
2022-02-13,2022.0,2.0,40.595897,-73.973393,61,BROOKLYN,HARRASSMENT 2,VIOLATION,SOCIAL CLUB/POLICY
2023-04-05,2023.0,17.0,40.71157,-73.944755,90,BROOKLYN,HARRASSMENT 2,VIOLATION,COMMERCIAL BUILDING
2023-05-05,2023.0,12.0,40.801959,-73.969317,24,MANHATTAN,GRAND LARCENY,FELONY,RESIDENCE - APT. HOUSE
2023-11-03,2023.0,17.0,40.768765,-73.845743,109,QUEENS,PETIT LARCENY,MISDEMEANOR,STREET
2019-11-07,2019.0,0.0,40.75656758464,-73.87593153413,115,QUEENS,SEX CRIMES,FELONY,RESIDENCE - APT. HOUSE
2023-12-04,2023.0,12.0,40.674649,-73.853397,106,QUEENS,THEFT-FRAUD,FELONY,RESIDENCE-HOUSE
2022-07-16,2022.0,13.0,40.739392,-73.988444,13,MANHATTAN,FRAUDS,MISDEMEANOR,OTHER
2023-10-01,2023.0,13.0,40.740368,-73.70847,105,QUEENS,PETIT LARCENY,MISDEMEANOR,RESIDENCE-HOUSE
2023-09-16,2023.0,15.0,40.8797,-73.885798,52,BRONX,GRAND LARCENY,FELONY,RESIDENCE - APT. HOUSE
2022-07-22,2022.0,9.0,40.751029,-73.984788,14,MANHATTAN,GRAND LARCENY,FELONY,COMMERCIAL BUILDING
2023-06-26,2023.0,0.0,40.612642,-74.167309,121,STATEN ISLAND,GRAND LARCENY,FELONY,RESIDENCE-HOUSE
2022-01-01,2022.0,12.0,40.64885074699,-73.95101651062,67,BROOKLYN,SEX CRIMES,MISDEMEANOR,RESIDENCE - APT. HOUSE
2018-09-11,2018.0,8.0,40.770097,-73.89696,114,QUEENS,GRAND LARCENY,FELONY,RESIDENCE-HOUSE
2023-01-18,2023.0,0.0,40.689049,-73.958615,79,BROOKLYN,PETIT LARCENY,MISDEMEANOR,STREET
2023-04-24,2023.0,15.0,40.793044,-73.972962,24,MANHATTAN,PETIT LARCENY,MISDEMEANOR,STREET
2023-10-21,2023.0,8.0,40.554593,-74.181119,123,STATEN ISLAND,GRAND LARCENY,FELONY,RESIDENCE-HOUSE
2023-09-14,2023.0,11.0,40.728718,-73.994001,9,MANHATTAN,OFF. AGNST PUB ORD SENSBLTY &,MISDEMEANOR,CLOTHING/BOUTIQUE
2023-02-19,2023.0,0.0,40.8565767276,-73.84389367793,49,BRONX,SEX CRIMES,MISDEMEANOR,RESIDENCE - PUBLIC HOUSING
2023-09-06,2023.0,15.0,40.651547,-73.934738,67,BROOKLYN,PETIT LARCENY,MISDEMEANOR,STREET
2022-11-16,2022.0,15.0,40.666286,-73.734144,116,QUEENS,RAPE,FELONY,RESIDENCE-HOUSE
2023-01-01,2023.0,12.0,40.828921,-73.924721,44,BRONX,THEFT-FRAUD,FELONY,RESIDENCE - APT. HOUSE
2019-11-01,2019.0,11.0,40.685574,-73.845042,102,QUEENS,HARRASSMENT 2,VIOLATION,RESIDENCE - APT. HOUSE
2023-11-26,2023.0,7.0,40.668094,-73.882376,75,BROOKLYN,GRAND LARCENY,FELONY,OTHER
2022-01-01,2022.0,0.0,40.82227104113,-73.91169778028,42,BRONX,SEX CRIMES,MISDEMEANOR,PUBLIC SCHOOL
2022-12-14,2022.0,9.0,40.736356,-73.977476,13,MANHATTAN,FRAUDS,MISDEMEANOR,RESIDENCE - APT. HOUSE
2023-03-01,2023.0,12.0,40.79227,-73.966109,24,MANHATTAN,PETIT LARCENY,MISDEMEANOR,RESIDENCE - APT. HOUSE
2023-01-01,2023.0,12.0,40.724728,-73.850111,112,QUEENS,HARRASSMENT 2,VIOLATION,RESIDENCE - APT. HOUSE
2018-01-01,2018.0,9.0,40.550371,-74.200212,123,STATEN ISLAND,FORGERY,FELONY,RESIDENCE-HOUSE
2023-09-11,2023.0,21.0,40.650351,-73.91723,67,BROOKLYN,VEHICLE AND TRAFFIC LAWS,MISDEMEANOR,STREET
2023-03-06,2023.0,0.0,40.873047,-73.887238,52,BRONX,GRAND LARCENY,FELONY,MAILBOX OUTSIDE
2022-10-31,2022.0,12.0,40.687971,-73.922362,81,BROOKLYN,THEFT-FRAUD,FELONY,RESIDENCE - APT. HOUSE
2023-08-01,2023.0,0.0,40.62583754528,-73.99094489423,66,BROOKLYN,RAPE,FELONY,HOMELESS SHELTER
2023-09-09,2023.0,12.0,40.75226,-73.853581,110,QUEENS,HARRASSMENT 2,VIOLATION,HOMELESS SHELTER
2018-04-01,2018.0,16.0,40.679172,-73.829561,106,QUEENS,HARRASSMENT 2,VIOLATION,OTHER
2023-07-01,2023.0,0.0,40.755442,-73.943422,114,QUEENS,HARRASSMENT 2,VIOLATION,RESIDENCE - PUBLIC HOUSING
2023-10-13,2023.0,0.0,40.633486,-74.163425,121,STATEN ISLAND,GRAND LARCENY OF MOTOR VEHICLE,FELONY,PARKING LOT/GARAGE (PRIVATE)
2022-01-01,2022.0,12.0,40.673876,-73.950126,77,BROOKLYN,FRAUDS,MISDEMEANOR,RESIDENCE - APT. HOUSE
2023-12-15,2023.0,16.0,40.653885,-73.954497,67,BROOKLYN,GRAND LARCENY,FELONY,RESIDENCE - APT. HOUSE
2023-10-06,2023.0,0.0,40.802659,-73.94712,28,MANHATTAN,GRAND LARCENY,FELONY,RESIDENCE - APT. HOUSE
2019-08-19,2019.0,8.0,40.512091,-74.247624,123,STATEN ISLAND,GRAND LARCENY,FELONY,STREET
2019-02-01,2019.0,12.0,40.62583754528,-73.99094489423,66,BROOKLYN,SEX CRIMES,FELONY,RESIDENCE - APT. HOUSE
2022-11-08,2022.0,12.0,40.618481,-74.165409,121,STATEN ISLAND,GRAND LARCENY,FELONY,RESIDENCE-HOUSE
2022-01-01,2022.0,0.0,40.695758,-73.949283,79,BROOKLYN,THEFT-FRAUD,FELONY,RESIDENCE - PUBLIC HOUSING
2023-01-01,2023.0,8.0,40.807602,-73.898868,41,BRONX,GRAND LARCENY,FELONY,CHAIN STORE
2018-04-11,2018.0,7.0,40.761728,-73.830394,109,QUEENS,FRAUDS,MISDEMEANOR,RESIDENCE - APT. HOUSE
2023-09-01,2023.0,0.0,40.607532,-73.974792,62,BROOKLYN,GRAND LARCENY,FELONY,RESIDENCE-HOUSE
2022-09-07,2022.0,6.0,40.628782,-73.904465,69,BROOKLYN,HARRASSMENT 2,VIOLATION,RESIDENCE - APT. HOUSE
2023-09-05,2023.0,8.0,40.880982,-73.907068,50,BRONX,CRIMINAL MISCHIEF & RELATED OF,MISDEMEANOR,STREET
2023-01-01,2023.0,0.0,40.620043,-73.928949,63,BROOKLYN,THEFT-FRAUD,FELONY,RESIDENCE-HOUSE
2022-04-26,2022.0,8.0,40.813421,-73.943227,32,MANHATTAN,GRAND LARCENY,FELONY,RESIDENCE - APT. HOUSE
2023-08-25,2023.0,16.0,40.706732,-73.898752,104,QUEENS,HARRASSMENT 2,VIOLATION,RESIDENCE - APT. HOUSE
2023-02-01,2023.0,9.0,40.716674,-74.011767,1,MANHATTAN,GRAND LARCENY,FELONY,RESIDENCE - APT. HOUSE
2022-09-01,2022.0,0.0,40.832161,-73.912713,44,BRONX,GRAND LARCENY,FELONY,RESIDENCE-HOUSE
2023-09-10,2023.0,8.0,40.626933,-73.956622,70,BROOKLYN,OFF. AGNST PUB ORD SENSBLTY &,MISDEMEANOR,RESIDENCE - APT. HOUSE
2022-01-30,2022.0,15.0,40.775281,-73.907074,114,QUEENS,HARRASSMENT 2,VIOLATION,RESIDENCE-HOUSE
2023-03-06,2023.0,13.0,40.692221,-73.814032,102,QUEENS,FRAUDS,MISDEMEANOR,RESIDENCE-HOUSE
2019-03-12,2019.0,15.0,40.739475,-73.891625,108,QUEENS,GRAND LARCENY,FELONY,RESIDENCE-HOUSE
2023-05-15,2023.0,12.0,40.754684,-73.986754,14,MANHATTAN,GRAND LARCENY,FELONY,COMMERCIAL BUILDING
2023-07-01,2023.0,0.0,40.822785,-73.828672,45,BRONX,THEFT-FRAUD,FELONY,RESIDENCE - PUBLIC HOUSING
2019-09-26,2019.0,12.0,40.669751,-73.803572,106,QUEENS,GRAND LARCENY,FELONY,RESIDENCE-HOUSE
2022-08-15,2022.0,12.0,40.59377,-73.784419,101,QUEENS,THEFT-FRAUD,FELONY,RESIDENCE - PUBLIC HOUSING
2023-02-16,2023.0,16.0,40.699728,-73.851548,102,QUEENS,HARRASSMENT 2,VIOLATION,RESIDENCE - APT. HOUSE
2022-09-30,2022.0,17.0,40.867482,-73.924573,34,MANHATTAN,OFF. AGNST PUB ORD SENSBLTY &,MISDEMEANOR,RESIDENCE - APT. HOUSE
2023-02-25,2023.0,21.0,40.708502,-73.80578,107,QUEENS,OFF. AGNST PUB ORD SENSBLTY &,MISDEMEANOR,RESIDENCE - APT. HOUSE
2022-11-15,2022.0,11.0,40.682781,-73.814925,106,QUEENS,BURGLARY,FELONY,RESIDENCE-HOUSE
2023-01-01,2023.0,23.0,40.57428568819,-74.10591440512,122,STATEN ISLAND,SEX CRIMES,MISDEMEANOR,RESIDENCE - APT. HOUSE
2023-07-20,2023.0,8.0,40.576123,-73.999826,60,BROOKLYN,GRAND LARCENY,FELONY,RESIDENCE-HOUSE
2023-10-09,2023.0,2.0,40.745133,-74.007526,10,MANHATTAN,OFF. AGNST PUB ORD SENSBLTY &,MISDEMEANOR,RESIDENCE - APT. HOUSE
2023-09-01,2023.0,21.0,40.745724,-73.94592,108,QUEENS,GRAND LARCENY,FELONY,COMMERCIAL BUILDING
2019-08-30,2019.0,0.0,40.59401905866,-73.96085431584,61,BROOKLYN,RAPE,FELONY,RESIDENCE-HOUSE
2022-08-31,2022.0,5.0,40.72044188847,-74.00674397419,1,MANHATTAN,SEX CRIMES,MISDEMEANOR,RESIDENCE - APT. HOUSE
2019-07-01,2019.0,0.0,40.82227104113,-73.91169778028,42,BRONX,SEX CRIMES,FELONY,RESIDENCE - APT. HOUSE
2023-03-17,2023.0,16.0,40.759139,-73.990265,14,MANHATTAN,GRAND LARCENY,FELONY,RESIDENCE - APT. HOUSE
2019-01-01,2019.0,0.0,40.88731363447,-73.84727175776,47,BRONX,SEX CRIMES,FELONY,RESIDENCE-HOUSE
2018-01-01,2018.0,0.0,40.86947047705,-73.87986080373,52,BRONX,SEX CRIMES,MISDEMEANOR,RESIDENCE - APT. HOUSE
2023-09-28,2023.0,0.0,40.829751,-73.910381,42,BRONX,GRAND LARCENY,FELONY,STORAGE FACILITY
2019-01-01,2019.0,0.0,40.88731363447,-73.84727175776,47,BRONX,SEX CRIMES,FELONY,RESIDENCE - APT. HOUSE
2023-10-04,2023.0,2.0,40.64885074699,-73.95101651062,67,BROOKLYN,SEX CRIMES,MISDEMEANOR,RESIDENCE - APT. HOUSE
2023-09-21,2023.0,0.0,40.62116432,-73.93999107,63,BROOKLYN,CRIMINAL MISCHIEF & RELATED OF,MISDEMEANOR,STREET
2023-05-26,2023.0,18.0,40.871163,-73.851299,49,BRONX,FELONY ASSAULT,FELONY,RESIDENCE - PUBLIC HOUSING
2023-09-23,2023.0,7.0,40.875077,-73.840377,47,BRONX,HARRASSMENT 2,VIOLATION,RESIDENCE-HOUSE
2023-12-04,2023.0,22.0,40.856715,-73.92834,34,MANHATTAN,ASSAULT 3 & RELATED OFFENSES,MISDEMEANOR,RESIDENCE - APT. HOUSE
2022-10-12,2022.0,11.0,40.755869,-73.940641,114,QUEENS,PETIT LARCENY,MISDEMEANOR,STORAGE FACILITY
2018-09-19,2018.0,8.0,40.689826,-73.925766,81,BROOKLYN,GRAND LARCENY,FELONY,RESIDENCE-HOUSE
2023-08-13,2023.0,13.0,40.75179,-73.934292,114,QUEENS,UNAUTHORIZED USE OF A VEHICLE,MISDEMEANOR,STREET
2022-08-09,2022.0,0.0,40.75656758464,-73.87593153413,115,QUEENS,RAPE,FELONY,RESIDENCE - APT. HOUSE
2022-01-01,2022.0,8.0,40.750376,-73.898195,108,QUEENS,GRAND LARCENY,FELONY,RESIDENCE-HOUSE
2023-10-01,2023.0,3.0,40.57664597804,-73.97648039607,60,BROOKLYN,RAPE,FELONY,RESIDENCE - APT. HOUSE
2023-08-21,2023.0,12.0,40.649936,-73.920046,67,BROOKLYN,HARRASSMENT 2,VIOLATION,RESIDENCE - APT. HOUSE
2023-03-12,2023.0,0.0,40.707221,-73.835271,102,QUEENS,GRAND LARCENY,FELONY,BANK
2019-01-08,2019.0,12.0,40.630687,-73.967315,70,BROOKLYN,THEFT-FRAUD,FELONY,RESIDENCE - APT. HOUSE
2023-11-23,2023.0,9.0,40.64885074699,-73.95101651062,67,BROOKLYN,PETIT LARCENY,MISDEMEANOR,OTHER
2022-09-09,2022.0,8.0,40.645647,-73.902876,69,BROOKLYN,GRAND LARCENY,FELONY,BANK
2023-05-20,2023.0,0.0,40.78946329956,-73.94763400394,23,MANHATTAN,SEX CRIMES,MISDEMEANOR,RESIDENCE - APT. HOUSE
2022-02-15,2022.0,8.0,40.75347,-73.831371,109,QUEENS,THEFT-FRAUD,FELONY,RESIDENCE - APT. HOUSE
2022-08-25,2022.0,0.0,40.57428568819,-74.10591440512,122,STATEN ISLAND,SEX CRIMES,FELONY,RESIDENCE-HOUSE
2022-08-23,2022.0,10.0,40.558983,-74.12408,122,STATEN ISLAND,PETIT LARCENY,MISDEMEANOR,RESIDENCE-HOUSE
2022-08-23,2022.0,22.0,40.568154,-74.107105,122,STATEN ISLAND,HARRASSMENT 2,VIOLATION,RESIDENCE-HOUSE
2023-08-22,2023.0,21.0,40.762266,-73.862247,115,QUEENS,PETIT LARCENY,MISDEMEANOR,STREET
2023-08-22,2023.0,11.0,40.71094,-73.951381,90,BROOKLYN,GRAND LARCENY,FELONY,RESIDENCE - APT. HOUSE
2022-01-01,2022.0,0.0,40.79607431283,-73.96706674581,24,MANHATTAN,SEX CRIMES,MISDEMEANOR,RESIDENCE - PUBLIC HOUSING
2023-08-22,2023.0,23.0,40.677101,-73.983262,78,BROOKLYN,HARRASSMENT 2,VIOLATION,GROCERY/BODEGA
2022-06-01,2022.0,8.0,40.859439,-73.893514,46,BRONX,GRAND LARCENY,FELONY,RESIDENCE - APT. HOUSE
2022-10-25,2022.0,9.0,40.750294,-73.879199,115,QUEENS,GRAND LARCENY,FELONY,RESIDENCE - APT. HOUSE
2022-04-08,2022.0,0.0,40.718935,-73.782124,107,QUEENS,GRAND LARCENY,FELONY,RESIDENCE-HOUSE
2019-03-18,2019.0,9.0,40.613148,-74.062565,120,STATEN ISLAND,PETIT LARCENY,MISDEMEANOR,RESIDENCE-HOUSE
2022-08-19,2022.0,6.0,40.701106,-73.903571,104,QUEENS,HARRASSMENT 2,VIOLATION,RESIDENCE - APT. HOUSE
2019-01-01,2019.0,0.0,40.81591307653,-73.94514930665,32,MANHATTAN,SEX CRIMES,MISDEMEANOR,RESIDENCE - APT. HOUSE
2023-07-01,2023.0,12.0,40.862322,-73.893356,52,BRONX,THEFT-FRAUD,FELONY,PUBLIC BUILDING
2023-03-09,2023.0,17.0,40.808558,-73.952357,28,MANHATTAN,DANGEROUS DRUGS,FELONY,OTHER
2022-12-12,2022.0,19.0,40.754164,-73.944653,114,QUEENS,HARRASSMENT 2,VIOLATION,RESIDENCE - PUBLIC HOUSING
2022-06-27,2022.0,0.0,40.712802,-74.007447,1,MANHATTAN,MISCELLANEOUS PENAL LAW,FELONY,PUBLIC BUILDING
2022-03-01,2022.0,0.0,40.712802,-74.007447,1,MANHATTAN,MISCELLANEOUS PENAL LAW,FELONY,PUBLIC BUILDING
2023-01-01,2023.0,23.0,40.86947047705,-73.87986080373,52,BRONX,SEX CRIMES,FELONY,STREET
2023-10-01,2023.0,9.0,40.579077,-73.957241,60,BROOKLYN,PETIT LARCENY,MISDEMEANOR,STREET
2019-10-29,2019.0,0.0,40.824469,-73.924028,44,BRONX,OTHER STATE LAWS,FELONY,RESIDENCE - APT. HOUSE
2023-01-01,2023.0,12.0,40.851554,-73.865861,49,BRONX,GRAND LARCENY,FELONY,RESIDENCE - APT. HOUSE
2022-06-10,2022.0,0.0,40.712802,-74.007447,1,MANHATTAN,MISCELLANEOUS PENAL LAW,FELONY,PUBLIC BUILDING
2022-06-27,2022.0,0.0,40.712802,-74.007447,1,MANHATTAN,MISCELLANEOUS PENAL LAW,FELONY,PUBLIC BUILDING
2022-06-10,2022.0,0.0,40.712802,-74.007447,1,MANHATTAN,MISCELLANEOUS PENAL LAW,FELONY,PUBLIC BUILDING
2022-03-01,2022.0,0.0,40.712802,-74.007447,1,MANHATTAN,MISCELLANEOUS PENAL LAW,FELONY,PUBLIC BUILDING
2022-03-01,2022.0,0.0,40.712802,-74.007447,1,MANHATTAN,MISCELLANEOUS PENAL LAW,FELONY,PUBLIC BUILDING
2022-06-15,2022.0,18.0,40.693774,-73.975158,88,BROOKLYN,ASSAULT 3 & RELATED OFFENSES,MISDEMEANOR,RESIDENCE - PUBLIC HOUSING
2022-04-18,2022.0,9.0,40.716868,-73.980361,7,MANHATTAN,THEFT-FRAUD,FELONY,RESIDENCE - APT. HOUSE
2022-09-24,2022.0,0.0,40.754137,-73.823101,109,QUEENS,FRAUDS,MISDEMEANOR,RESIDENCE - APT. HOUSE
2023-11-01,2023.0,0.0,40.847158,-73.911061,46,BRONX,HARRASSMENT 2,VIOLATION,RESIDENCE - APT. HOUSE
2023-10-20,2023.0,10.0,40.825876,-73.919356,44,BRONX,MISCELLANEOUS PENAL LAW,FELONY,PUBLIC BUILDING
2023-07-25,2023.0,11.0,40.668146,-73.978894,78,BROOKLYN,HARRASSMENT 2,VIOLATION,HOSPITAL
2022-08-18,2022.0,0.0,40.676741,-73.90042,75,BROOKLYN,CRIMINAL MISCHIEF & RELATED OF,FELONY,STREET
2023-08-16,2023.0,16.0,40.676898,-73.920975,73,BROOKLYN,PETIT LARCENY,MISDEMEANOR,CHAIN STORE
2022-01-01,2022.0,0.0,40.649451,-73.92529,67,BROOKLYN,GRAND LARCENY,FELONY,RESIDENCE-HOUSE
2023-06-01,2023.0,12.0,40.843262,-73.9354,33,MANHATTAN,THEFT-FRAUD,FELONY,RESIDENCE - APT. HOUSE
2023-11-22,2023.0,12.0,40.883907,-73.849508,47,BRONX,PETIT LARCENY,MISDEMEANOR,MAILBOX OUTSIDE
2018-09-01,2018.0,10.0,40.856148,-73.858301,49,BRONX,GRAND LARCENY,FELONY,RESIDENCE-HOUSE
2022-08-01,2022.0,0.0,40.840815,-73.841741,45,BRONX,GRAND LARCENY,FELONY,OTHER
2023-08-05,2023.0,12.0,40.891427,-73.836904,47,BRONX,THEFT-FRAUD,FELONY,RESIDENCE-HOUSE
2022-10-16,2022.0,12.0,40.744172,-73.993739,13,MANHATTAN,FRAUDS,MISDEMEANOR,RESIDENCE - APT. HOUSE
2022-08-18,2022.0,17.0,40.794324,-73.972035,24,MANHATTAN,ROBBERY,FELONY,ATM
2022-09-01,2022.0,15.0,40.753463,-73.994399,14,MANHATTAN,DANGEROUS DRUGS,FELONY,PUBLIC BUILDING
2023-08-08,2023.0,9.0,40.87966,-73.881914,52,BRONX,GRAND LARCENY,FELONY,RESIDENCE-HOUSE
2018-01-01,2018.0,0.0,40.81620584392,-73.89600119326,41,BRONX,SEX CRIMES,MISDEMEANOR,OTHER
2023-08-16,2023.0,0.0,40.7265156408,-73.98829024376,9,MANHATTAN,HARRASSMENT 2,VIOLATION,RESIDENCE - PUBLIC HOUSING
2018-08-07,2018.0,8.0,40.74348126388,-73.8740035374,110,QUEENS,RAPE,FELONY,RESIDENCE - APT. HOUSE
2023-04-03,2023.0,9.0,40.694389,-73.987196,84,BROOKLYN,MISCELLANEOUS PENAL LAW,FELONY,COMMERCIAL BUILDING
2022-08-24,2022.0,19.0,40.74806297,-73.87984012,110,QUEENS,PETIT LARCENY,MISDEMEANOR,STREET
2023-01-01,2023.0,8.0,40.854481,-73.894674,48,BRONX,THEFT-FRAUD,FELONY,RESIDENCE - APT. HOUSE
2019-04-14,2019.0,0.0,40.627239,-73.91808,63,BROOKLYN,GRAND LARCENY,FELONY,RESIDENCE-HOUSE
2018-01-01,2018.0,0.0,40.67113000169,-73.9135020552,73,BROOKLYN,SEX CRIMES,FELONY,RESIDENCE-HOUSE
2022-06-10,2022.0,10.0,40.681746,-73.795955,113,QUEENS,GRAND LARCENY,FELONY,BANK
2023-08-01,2023.0,0.0,40.678663,-73.877144,75,BROOKLYN,HARRASSMENT 2,VIOLATION,RESIDENCE-HOUSE
2022-12-23,2022.0,20.0,40.672607,-73.770735,113,QUEENS,HARRASSMENT 2,VIOLATION,OTHER
2023-01-01,2023.0,10.0,40.748507,-73.990587,14,MANHATTAN,GRAND LARCENY,FELONY,RESIDENCE - APT. HOUSE
2023-08-14,2023.0,23.0,40.872381,-73.869325,47,BRONX,HARRASSMENT 2,VIOLATION,RESIDENCE-HOUSE
2023-09-21,2023.0,13.0,40.736412,-73.959245,94,BROOKLYN,FRAUDS,MISDEMEANOR,RESIDENCE - APT. HOUSE
2023-10-13,2023.0,12.0,40.768018,-73.954378,19,MANHATTAN,PETIT LARCENY,MISDEMEANOR,MAILBOX OUTSIDE
2023-01-01,2023.0,0.0,40.85359836738,-73.90057688073,46,BRONX,SEX CRIMES,MISDEMEANOR,RESIDENCE - PUBLIC HOUSING
2018-12-01,2018.0,23.0,40.74348126388,-73.8740035374,110,QUEENS,SEX CRIMES,FELONY,RESIDENCE-HOUSE
2022-06-26,2022.0,9.0,40.737886,-73.973714,13,MANHATTAN,OFF. AGNST PUB ORD SENSBLTY &,MISDEMEANOR,RESIDENCE-HOUSE
2023-08-12,2023.0,23.0,40.86271768,-73.90229353,52,BRONX,INTOXICATED & IMPAIRED DRIVING,MISDEMEANOR,STREET
2023-06-08,2023.0,7.0,40.676532,-73.914172,73,BROOKLYN,PETIT LARCENY,MISDEMEANOR,STREET
2019-02-20,2019.0,0.0,40.57428568819,-74.10591440512,122,STATEN ISLAND,SEX CRIMES,MISDEMEANOR,RESIDENCE-HOUSE
2023-03-20,2023.0,16.0,40.864745,-73.910748,52,BRONX,GRAND LARCENY,FELONY,OTHER
2023-12-16,2023.0,15.0,40.667635,-73.950711,71,BROOKLYN,HARRASSMENT 2,VIOLATION,RESIDENCE - APT. HOUSE
2023-08-11,2023.0,9.0,40.623486,-74.105256,120,STATEN ISLAND,GRAND LARCENY,FELONY,RESIDENCE-HOUSE
2022-05-08,2022.0,14.0,40.639138,-73.911665,69,BROOKLYN,PETIT LARCENY,MISDEMEANOR,STREET
2018-01-01,2018.0,0.0,40.743659,-73.958882,108,QUEENS,GRAND LARCENY,FELONY,RESIDENCE - APT. HOUSE
2023-04-01,2023.0,8.0,40.78946329956,-73.94763400394,23,MANHATTAN,SEX CRIMES,FELONY,RESIDENCE - PUBLIC HOUSING
2023-12-25,2023.0,12.0,40.655986,-73.954722,71,BROOKLYN,FRAUDS,MISDEMEANOR,RESIDENCE - APT. HOUSE
2023-12-07,2023.0,12.0,40.83797,-73.885261,42,BRONX,GRAND LARCENY,FELONY,RESIDENCE - APT. HOUSE
2023-10-01,2023.0,12.0,40.545327,-74.14125,122,STATEN ISLAND,GRAND LARCENY,FELONY,RESIDENCE-HOUSE
2023-09-06,2023.0,14.0,40.692603,-73.930982,81,BROOKLYN,HARRASSMENT 2,VIOLATION,RESIDENCE - APT. HOUSE
2023-04-12,2023.0,12.0,40.622423,-73.913977,63,BROOKLYN,GRAND LARCENY,FELONY,RESIDENCE-HOUSE
2023-02-07,2023.0,2.0,40.673353,-73.868065,75,BROOKLYN,PETIT LARCENY,MISDEMEANOR,STREET
2023-03-01,2023.0,12.0,40.72159,-73.977569,9,MANHATTAN,PETIT LARCENY,MISDEMEANOR,RESIDENCE - PUBLIC HOUSING
2023-06-28,2023.0,0.0,40.83784212093,-73.91962775174,44,BRONX,SEX CRIMES,MISDEMEANOR,RESIDENCE - APT. HOUSE
2023-01-01,2023.0,0.0,40.64885074699,-73.95101651062,67,BROOKLYN,SEX CRIMES,MISDEMEANOR,RESIDENCE-HOUSE
2023-05-01,2023.0,0.0,40.757989,-73.983654,18,MANHATTAN,PETIT LARCENY,MISDEMEANOR,(NULL)
2022-01-06,2022.0,10.0,40.690561,-73.925961,81,BROOKLYN,THEFT-FRAUD,FELONY,RESIDENCE - APT. HOUSE
2023-02-01,2023.0,8.0,40.617558,-74.081423,120,STATEN ISLAND,GRAND LARCENY,FELONY,RESIDENCE - APT. HOUSE
2023-11-20,2023.0,13.0,40.767202,-73.953501,19,MANHATTAN,HARRASSMENT 2,VIOLATION,RESIDENCE - APT. HOUSE
2022-10-13,2022.0,22.0,40.85359836738,-73.90057688073,46,BRONX,RAPE,FELONY,RESIDENCE - APT. HOUSE
2022-07-05,2022.0,0.0,40.691486,-73.905472,83,BROOKLYN,THEFT-FRAUD,FELONY,RESIDENCE - APT. HOUSE
2023-08-01,2023.0,12.0,40.549821,-74.143247,122,STATEN ISLAND,PETIT LARCENY,MISDEMEANOR,RESIDENCE-HOUSE
2023-05-07,2023.0,0.0,40.67449568653,-73.9305713256,77,BROOKLYN,SEX CRIMES,MISDEMEANOR,RESIDENCE - APT. HOUSE
2022-11-10,2022.0,0.0,40.67998073847,-73.7762339072,113,QUEENS,RAPE,FELONY,AIRPORT TERMINAL
2023-03-28,2023.0,12.0,40.710446,-73.748534,105,QUEENS,MISCELLANEOUS PENAL LAW,FELONY,RESIDENCE - APT. HOUSE
2023-08-05,2023.0,0.0,40.60221616571,-74.00295079884,62,BROOKLYN,SEX CRIMES,FELONY,RESIDENCE - APT. HOUSE
2023-10-15,2023.0,8.0,40.608458,-73.931178,63,BROOKLYN,GRAND LARCENY,FELONY,RESIDENCE-HOUSE
2022-01-22,2022.0,8.0,40.736499,-73.983389,13,MANHATTAN,OFF. AGNST PUB ORD SENSBLTY &,MISDEMEANOR,OTHER
2023-12-06,2023.0,16.0,40.769594,-73.969136,19,MANHATTAN,GRAND LARCENY,FELONY,RESIDENCE - APT. HOUSE
2022-07-01,2022.0,15.0,40.6984738177,-73.91776898122,83,BROOKLYN,SEX CRIMES,MISDEMEANOR,RESIDENCE - APT. HOUSE
2018-01-18,2018.0,0.0,40.706291,-73.950349,90,BROOKLYN,OFF. AGNST PUB ORD SENSBLTY &,MISDEMEANOR,OTHER
2023-01-01,2023.0,0.0,40.64885074699,-73.95101651062,67,BROOKLYN,SEX CRIMES,MISDEMEANOR,RESIDENCE - APT. HOUSE
2023-12-23,2023.0,9.0,40.676374,-73.820649,106,QUEENS,HARRASSMENT 2,VIOLATION,RESIDENCE-HOUSE
2023-11-20,2023.0,14.0,40.699244,-73.891273,104,QUEENS,FELONY ASSAULT,FELONY,RESIDENCE - APT. HOUSE
2022-03-20,2022.0,21.0,40.83072232777,-73.82712605886,45,BRONX,RAPE,FELONY,STREET
2022-08-02,2022.0,19.0,40.845719,-73.91711,46,BRONX,ASSAULT 3 & RELATED OFFENSES,MISDEMEANOR,STREET
2023-08-23,2023.0,10.0,40.809581,-73.949747,28,MANHATTAN,PETIT LARCENY,MISDEMEANOR,STREET
2022-04-22,2022.0,1.0,40.885889,-73.825688,47,BRONX,PETIT LARCENY,MISDEMEANOR,PARKING LOT/GARAGE (PUBLIC)
2023-11-30,2023.0,23.0,40.585298,-73.815055,100,QUEENS,ASSAULT 3 & RELATED OFFENSES,MISDEMEANOR,RESIDENCE - APT. HOUSE
2022-07-08,2022.0,16.0,40.729388,-73.801497,107,QUEENS,PETIT LARCENY,MISDEMEANOR,STREET
2023-08-01,2023.0,0.0,40.713414,-73.940404,90,BROOKLYN,THEFT-FRAUD,FELONY,RESIDENCE - APT. HOUSE
2023-01-01,2023.0,7.0,40.66616,-73.990524,72,BROOKLYN,THEFT-FRAUD,FELONY,RESIDENCE - APT. HOUSE
2018-01-01,2018.0,0.0,40.83784212093,-73.91962775174,44,BRONX,RAPE,FELONY,RESIDENCE - APT. HOUSE
2022-07-31,2022.0,15.0,40.745023,-73.935883,108,QUEENS,PETIT LARCENY,MISDEMEANOR,STREET
2023-11-02,2023.0,12.0,40.727761,-73.989383,9,MANHATTAN,HARRASSMENT 2,VIOLATION,PRIVATE/PAROCHIAL SCHOOL
2022-12-01,2022.0,12.0,40.737481,-73.937877,108,QUEENS,GRAND LARCENY,FELONY,STORAGE FACILITY
2023-08-01,2023.0,14.0,40.772561,-73.989768,20,MANHATTAN,THEFT-FRAUD,FELONY,RESIDENCE - APT. HOUSE
2023-07-23,2023.0,21.0,40.76074893,-73.86242548,115,QUEENS,PETIT LARCENY,MISDEMEANOR,STREET
2019-08-01,2019.0,7.0,40.754385,-73.96734,17,MANHATTAN,HARRASSMENT 2,VIOLATION,STREET
2022-11-11,2022.0,23.0,40.711446,-73.98197,7,MANHATTAN,HARRASSMENT 2,VIOLATION,RESIDENCE - PUBLIC HOUSING
2023-11-01,2023.0,12.0,40.60864,-73.990485,62,BROOKLYN,HARRASSMENT 2,VIOLATION,RESIDENCE - APT. HOUSE
2023-07-17,2023.0,20.0,40.747108,-73.883842,110,QUEENS,PETIT LARCENY,MISDEMEANOR,DEPARTMENT STORE
2023-10-04,2023.0,0.0,40.628271,-74.134405,121,STATEN ISLAND,GRAND LARCENY,FELONY,RESIDENCE-HOUSE
2022-08-28,2022.0,9.0,40.715526,-74.001238,5,MANHATTAN,MISCELLANEOUS PENAL LAW,FELONY,(NULL)
2022-03-20,2022.0,11.0,40.81035186346,-73.92494232564,40,BRONX,SEX CRIMES,MISDEMEANOR,RESIDENCE - APT. HOUSE
2022-08-22,2022.0,6.0,40.6231883776,-74.14923769473,121,STATEN ISLAND,SEX CRIMES,MISDEMEANOR,RESIDENCE - APT. HOUSE
2023-12-23,2023.0,12.0,40.832741,-73.921871,44,BRONX,GRAND LARCENY,FELONY,RESIDENCE - APT. HOUSE
2023-06-12,2023.0,12.0,40.699656,-73.771744,113,QUEENS,PETIT LARCENY,MISDEMEANOR,PARKING LOT/GARAGE (PRIVATE)
2022-05-04,2022.0,0.0,40.814792,-73.925712,40,BRONX,GRAND LARCENY,FELONY,COMMERCIAL BUILDING
2023-07-19,2023.0,11.0,40.541313,-74.219655,123,STATEN ISLAND,OFF. AGNST PUB ORD SENSBLTY &,MISDEMEANOR,RESIDENCE-HOUSE
2023-03-02,2023.0,10.0,40.598773,-73.937236,61,BROOKLYN,FRAUDS,MISDEMEANOR,DOCTOR/DENTIST OFFICE
2023-05-13,2023.0,12.0,40.842534,-73.893789,48,BRONX,THEFT-FRAUD,FELONY,RESIDENCE - APT. HOUSE
2023-07-23,2023.0,13.0,40.68946429526,-73.92402908995,81,BROOKLYN,SEX CRIMES,FELONY,RESIDENCE - APT. HOUSE
2023-06-26,2023.0,9.0,40.790724,-73.978151,24,MANHATTAN,GRAND LARCENY,FELONY,RESIDENCE - APT. HOUSE
2022-01-28,2022.0,21.0,40.76502407883,-73.98483594971,18,MANHATTAN,RAPE,FELONY,BAR/NIGHT CLUB
2023-12-12,2023.0,10.0,40.607326,-73.758017,101,QUEENS,GRAND LARCENY,FELONY,RESIDENCE - APT. HOUSE
2022-07-26,2022.0,18.0,40.817709,-73.923973,40,BRONX,HARRASSMENT 2,VIOLATION,RESIDENCE - APT. HOUSE
2019-03-18,2019.0,12.0,40.86759,-73.889401,52,BRONX,GRAND LARCENY,FELONY,RESIDENCE - APT. HOUSE
2022-03-08,2022.0,3.0,40.779672,-73.98626,20,MANHATTAN,THEFT-FRAUD,FELONY,RESIDENCE - APT. HOUSE
2023-07-22,2023.0,21.0,40.827679,-73.891903,42,BRONX,PETIT LARCENY,MISDEMEANOR,STREET
2023-01-01,2023.0,0.0,40.83784212093,-73.91962775174,44,BRONX,SEX CRIMES,MISDEMEANOR,RESIDENCE-HOUSE
2023-01-01,2023.0,0.0,40.88731363447,-73.84727175776,47,BRONX,SEX CRIMES,MISDEMEANOR,RESIDENCE - APT. HOUSE
2022-05-01,2022.0,19.0,40.666286,-73.734144,116,QUEENS,SEX CRIMES,MISDEMEANOR,RESIDENCE-HOUSE
2023-01-01,2023.0,12.0,40.68946429526,-73.92402908995,81,BROOKLYN,SEX CRIMES,MISDEMEANOR,RESIDENCE - APT. HOUSE
2022-09-01,2022.0,12.0,40.62583754528,-73.99094489423,66,BROOKLYN,SEX CRIMES,MISDEMEANOR,DOCTOR/DENTIST OFFICE
2023-02-04,2023.0,8.0,40.874531,-73.87614,52,BRONX,GRAND LARCENY,FELONY,RESIDENCE - APT. HOUSE
2018-07-04,2018.0,8.0,40.67113000169,-73.9135020552,73,BROOKLYN,RAPE,FELONY,RESIDENCE - APT. HOUSE
2023-07-23,2023.0,17.0,40.620757,-74.074164,120,STATEN ISLAND,INTOXICATED & IMPAIRED DRIVING,MISDEMEANOR,RESIDENCE-HOUSE
2023-07-19,2023.0,0.0,40.814785,-73.910542,40,BRONX,OFFENSES AGAINST THE PERSON,MISDEMEANOR,RESIDENCE-HOUSE
2019-02-01,2019.0,0.0,40.76949511844,-73.91502417039,114,QUEENS,SEX CRIMES,MISDEMEANOR,RESIDENCE - APT. HOUSE
2022-05-22,2022.0,9.0,40.763874,-73.960425,19,MANHATTAN,ASSAULT 3 & RELATED OFFENSES,MISDEMEANOR,RESIDENCE - APT. HOUSE
2023-09-22,2023.0,0.0,40.776404,-73.954288,19,MANHATTAN,GRAND LARCENY,FELONY,RESIDENCE - APT. HOUSE
2022-01-01,2022.0,0.0,40.60277623008,-73.75011736483,101,QUEENS,RAPE,FELONY,RESIDENCE - PUBLIC HOUSING
2022-04-05,2022.0,12.0,40.685542,-73.863786,102,QUEENS,PETIT LARCENY,MISDEMEANOR,STREET
2022-08-16,2022.0,0.0,40.67449568653,-73.9305713256,77,BROOKLYN,RAPE,FELONY,RESIDENCE - APT. HOUSE
2022-07-01,2022.0,12.0,40.78405,-73.948702,19,MANHATTAN,GRAND LARCENY,FELONY,RESIDENCE - APT. HOUSE
2022-09-01,2022.0,0.0,40.74724,-73.971006,17,MANHATTAN,PETIT LARCENY,MISDEMEANOR,RESIDENCE - APT. HOUSE
2022-11-12,2022.0,0.0,40.718939,-73.913833,104,QUEENS,GRAND LARCENY,FELONY,COMMERCIAL BUILDING
2023-06-22,2023.0,12.0,40.6738,-73.838858,106,QUEENS,THEFT-FRAUD,FELONY,RESIDENCE-HOUSE
2023-08-03,2023.0,0.0,40.836005,-73.861029,43,BRONX,GRAND LARCENY,FELONY,RESIDENCE - APT. HOUSE
2023-11-25,2023.0,11.0,40.748213,-73.988942,14,MANHATTAN,GRAND LARCENY,FELONY,RESIDENCE - APT. HOUSE
2022-07-21,2022.0,19.0,40.683992,-73.795054,113,QUEENS,HARRASSMENT 2,VIOLATION,STREET
2022-03-01,2022.0,8.0,40.817474,-73.896362,41,BRONX,FRAUDS,MISDEMEANOR,RESIDENCE - APT. HOUSE
2022-05-24,2022.0,19.0,40.716012012,-73.9973320301,5,MANHATTAN,SEX CRIMES,MISDEMEANOR,RESIDENCE - APT. HOUSE
2023-11-08,2023.0,8.0,40.628459,-74.182289,121,STATEN ISLAND,HARRASSMENT 2,VIOLATION,RESIDENCE-HOUSE
2022-06-01,2022.0,12.0,40.63597,-74.161367,121,STATEN ISLAND,THEFT-FRAUD,FELONY,RESIDENCE - APT. HOUSE
2023-11-08,2023.0,8.0,40.628459,-74.182289,121,STATEN ISLAND,HARRASSMENT 2,VIOLATION,RESIDENCE-HOUSE
2023-02-12,2023.0,0.0,40.843072,-73.845555,45,BRONX,HARRASSMENT 2,VIOLATION,RESIDENCE - APT. HOUSE
2022-12-01,2022.0,17.0,40.700874,-73.812217,103,QUEENS,OFF. AGNST PUB ORD SENSBLTY &,MISDEMEANOR,RESIDENCE - APT. HOUSE
2023-01-01,2023.0,0.0,40.635141,-73.947895,70,BROOKLYN,FRAUDS,MISDEMEANOR,RESIDENCE - APT. HOUSE
2019-01-01,2019.0,0.0,40.86947047705,-73.87986080373,52,BRONX,SEX CRIMES,MISDEMEANOR,RESIDENCE - APT. HOUSE
2018-11-14,2018.0,13.0,40.727179,-73.938071,94,BROOKLYN,FRAUDS,MISDEMEANOR,HOMELESS SHELTER
2019-04-15,2019.0,0.0,40.649631,-73.922417,67,BROOKLYN,THEFT-FRAUD,FELONY,RESIDENCE-HOUSE
2023-12-06,2023.0,8.0,40.78405,-73.948702,19,MANHATTAN,GRAND LARCENY,FELONY,RESIDENCE - APT. HOUSE
2023-09-21,2023.0,0.0,40.711274,-73.98435,7,MANHATTAN,GRAND LARCENY,FELONY,STREET
2019-06-01,2019.0,8.0,40.58019,-74.157639,121,STATEN ISLAND,THEFT-FRAUD,FELONY,RESIDENCE - APT. HOUSE
2022-09-30,2022.0,22.0,40.76699564239,-73.96392230354,19,MANHATTAN,RAPE,FELONY,RESIDENCE - APT. HOUSE
2023-01-01,2023.0,12.0,40.81035186346,-73.92494232564,40,BRONX,SEX CRIMES,MISDEMEANOR,RESIDENCE - APT. HOUSE
2023-12-26,2023.0,12.0,40.776561,-73.9436,19,MANHATTAN,MISCELLANEOUS PENAL LAW,FELONY,RESIDENCE-HOUSE
2023-11-20,2023.0,15.0,40.729854,-73.724401,105,QUEENS,HARRASSMENT 2,VIOLATION,STREET
2022-02-01,2022.0,20.0,40.78946329956,-73.94763400394,23,MANHATTAN,SEX CRIMES,MISDEMEANOR,RESIDENCE - APT. HOUSE
2022-07-16,2022.0,11.0,40.723941,-73.99194,5,MANHATTAN,PETIT LARCENY,MISDEMEANOR,CHAIN STORE
2023-01-30,2023.0,12.0,40.75934,-73.714194,105,QUEENS,OTHER STATE LAWS,FELONY,RESIDENCE - APT. HOUSE
2023-01-19,2023.0,0.0,40.60277623008,-73.75011736483,101,QUEENS,RAPE,FELONY,STREET
2022-06-29,2022.0,8.0,40.8229,-73.882175,43,BRONX,GRAND LARCENY,FELONY,STORAGE FACILITY
2023-06-08,2023.0,12.0,40.598396,-73.933721,61,BROOKLYN,GRAND LARCENY,FELONY,RESIDENCE - APT. HOUSE
2018-04-24,2018.0,0.0,40.750171,-73.871022,115,QUEENS,HARRASSMENT 2,VIOLATION,RESIDENCE - APT. HOUSE
2022-01-30,2022.0,10.0,40.740023,-73.880055,110,QUEENS,FRAUDS,MISDEMEANOR,RESIDENCE - APT. HOUSE
2023-07-05,2023.0,12.0,40.636982,-73.976191,66,BROOKLYN,HARRASSMENT 2,VIOLATION,RESIDENCE-HOUSE
2023-07-05,2023.0,13.0,40.70698,-74.007121,1,MANHATTAN,DANGEROUS DRUGS,FELONY,SMOKE SHOP
2022-11-01,2022.0,16.0,40.88731363447,-73.84727175776,47,BRONX,SEX CRIMES,FELONY,RESIDENCE - APT. HOUSE
2023-08-21,2023.0,12.0,40.627761,-74.140633,121,STATEN ISLAND,FRAUDS,MISDEMEANOR,RESIDENCE-HOUSE
2023-12-08,2023.0,12.0,40.658545,-73.850353,106,QUEENS,GRAND LARCENY,FELONY,STORE UNCLASSIFIED
2023-03-01,2023.0,7.0,40.76231580042,-73.82744800186,109,QUEENS,RAPE,FELONY,RESIDENCE - APT. HOUSE
2023-08-03,2023.0,15.0,40.819027,-73.889438,41,BRONX,DANGEROUS DRUGS,FELONY,RESIDENCE - APT. HOUSE
2022-01-14,2022.0,14.0,40.67065802,-73.95797447,77,BROOKLYN,ADMINISTRATIVE CODE,VIOLATION,TRANSIT - NYC SUBWAY
2022-10-01,2022.0,22.0,40.6984738177,-73.91776898122,83,BROOKLYN,SEX CRIMES,MISDEMEANOR,RESIDENCE - APT. HOUSE
2023-07-09,2023.0,17.0,40.785681,-73.944508,23,MANHATTAN,HARRASSMENT 2,VIOLATION,RESIDENCE - APT. HOUSE
2023-07-12,2023.0,10.0,40.688605,-73.985073,84,BROOKLYN,THEFT-FRAUD,FELONY,RESIDENCE - APT. HOUSE
2023-05-01,2023.0,12.0,40.722763,-73.865828,112,QUEENS,GRAND LARCENY,FELONY,RESIDENCE-HOUSE
2022-09-12,2022.0,20.0,40.746935,-73.993587,13,MANHATTAN,HARRASSMENT 2,VIOLATION,RESIDENCE - APT. HOUSE
2022-04-13,2022.0,16.0,40.84415660002,-73.90060544897,48,BRONX,SEX CRIMES,FELONY,RESIDENCE - PUBLIC HOUSING
2023-12-07,2023.0,11.0,40.675253,-73.973347,78,BROOKLYN,PETIT LARCENY,MISDEMEANOR,RESIDENCE - APT. HOUSE
2023-09-09,2023.0,9.0,40.640973,-73.929232,67,BROOKLYN,PETIT LARCENY,MISDEMEANOR,COMMERCIAL BUILDING
2023-01-10,2023.0,0.0,40.88731363447,-73.84727175776,47,BRONX,SEX CRIMES,FELONY,RESIDENCE-HOUSE
2023-10-16,2023.0,2.0,40.803914,-73.878308,41,BRONX,MISCELLANEOUS PENAL LAW,FELONY,OTHER
2018-08-30,2018.0,12.0,40.734676,-73.85817,112,QUEENS,ASSAULT 3 & RELATED OFFENSES,MISDEMEANOR,RESIDENCE - APT. HOUSE
2023-09-05,2023.0,15.0,40.69543880812,-73.9832253756,84,BROOKLYN,SEX CRIMES,MISDEMEANOR,PRIVATE/PAROCHIAL SCHOOL
2022-07-16,2022.0,8.0,40.758648,-73.968709,17,MANHATTAN,ANTICIPATORY OFFENSES,MISDEMEANOR,COMMERCIAL BUILDING
2023-06-05,2023.0,0.0,40.63469,-74.005139,66,BROOKLYN,GRAND LARCENY,FELONY,RESIDENCE-HOUSE
2023-09-01,2023.0,8.0,40.76502407883,-73.98483594971,18,MANHATTAN,SEX CRIMES,MISDEMEANOR,DAYCARE FACILITY
2022-08-22,2022.0,17.0,40.727368,-73.857535,112,QUEENS,PETIT LARCENY,MISDEMEANOR,STREET
2023-08-12,2023.0,0.0,40.58583,-73.940104,61,BROOKLYN,GRAND LARCENY,FELONY,RESIDENCE - APT. HOUSE
2023-08-01,2023.0,11.0,40.744972,-73.986046,13,MANHATTAN,GRAND LARCENY,FELONY,RESIDENCE - APT. HOUSE
2023-12-23,2023.0,20.0,40.793019,-73.974847,24,MANHATTAN,OFF. AGNST PUB ORD SENSBLTY &,MISDEMEANOR,RESIDENCE - APT. HOUSE
2023-04-04,2023.0,10.0,40.769501,-73.81369,109,QUEENS,CRIMINAL MISCHIEF & RELATED OF,MISDEMEANOR,RESIDENCE-HOUSE
2023-02-16,2023.0,0.0,40.866439,-73.909194,50,BRONX,DANGEROUS DRUGS,FELONY,STREET
2023-08-21,2023.0,23.0,40.838861,-73.910305,44,BRONX,FELONY ASSAULT,FELONY,HOMELESS SHELTER
2022-01-24,2022.0,1.0,40.874167,-73.865612,47,BRONX,GRAND LARCENY,FELONY,RESIDENCE-HOUSE
2022-02-17,2022.0,0.0,40.694389,-73.987196,84,BROOKLYN,MISCELLANEOUS PENAL LAW,FELONY,PUBLIC BUILDING
2023-11-15,2023.0,13.0,40.674886,-73.999508,76,BROOKLYN,DANGEROUS DRUGS,FELONY,SMOKE SHOP
2023-08-10,2023.0,9.0,40.612026,-73.980446,62,BROOKLYN,GRAND LARCENY,FELONY,RESIDENCE-HOUSE
2023-06-22,2023.0,18.0,40.68128,-73.903691,83,BROOKLYN,GRAND LARCENY,FELONY,STREET
2023-11-01,2023.0,8.0,40.78264,-73.973133,20,MANHATTAN,HARRASSMENT 2,VIOLATION,RESIDENCE - APT. HOUSE
2022-07-01,2022.0,8.0,40.65815775355,-74.00044115489,72,BROOKLYN,SEX CRIMES,MISDEMEANOR,RESIDENCE - APT. HOUSE
2023-09-09,2023.0,15.0,40.742088,-73.879758,110,QUEENS,HARRASSMENT 2,VIOLATION,RESIDENCE - APT. HOUSE
2023-07-01,2023.0,12.0,40.641343,-73.942268,67,BROOKLYN,HARRASSMENT 2,VIOLATION,RESIDENCE - APT. HOUSE
2023-07-06,2023.0,14.0,40.817404,-73.915761,40,BRONX,PETIT LARCENY,MISDEMEANOR,CHAIN STORE
2019-01-01,2019.0,0.0,40.67113000169,-73.9135020552,73,BROOKLYN,RAPE,FELONY,RESIDENCE-HOUSE
2019-01-01,2019.0,0.0,40.667872,-73.914189,73,BROOKLYN,FELONY ASSAULT,FELONY,RESIDENCE-HOUSE
2019-01-01,2019.0,0.0,40.667872,-73.914189,73,BROOKLYN,ASSAULT 3 & RELATED OFFENSES,MISDEMEANOR,RESIDENCE-HOUSE
2023-01-01,2023.0,12.0,40.859439,-73.893514,46,BRONX,GRAND LARCENY,FELONY,RESIDENCE - APT. HOUSE
2022-08-08,2022.0,0.0,40.69932415739,-73.83157088767,102,QUEENS,SEX CRIMES,MISDEMEANOR,RESIDENCE-HOUSE
2022-03-01,2022.0,9.0,40.720083,-73.962791,94,BROOKLYN,GRAND LARCENY,FELONY,RESIDENCE - APT. HOUSE
2022-07-03,2022.0,5.0,40.820926,-73.946242,32,MANHATTAN,FELONY ASSAULT,FELONY,RESIDENCE - APT. HOUSE
2019-02-14,2019.0,9.0,40.74375,-74.003331,10,MANHATTAN,ASSAULT 3 & RELATED OFFENSES,MISDEMEANOR,RESIDENCE-HOUSE
2022-07-02,2022.0,18.0,40.672287,-73.844758,106,QUEENS,ASSAULT 3 & RELATED OFFENSES,MISDEMEANOR,RESIDENCE-HOUSE
2023-12-17,2023.0,9.0,40.820662,-73.939795,32,MANHATTAN,PETIT LARCENY,MISDEMEANOR,RESIDENCE - APT. HOUSE
2023-07-02,2023.0,17.0,40.771078,-73.956712,19,MANHATTAN,ROBBERY,FELONY,FOOD SUPERMARKET
2022-12-07,2022.0,8.0,40.77108455,-73.90821889,114,QUEENS,PETIT LARCENY,MISDEMEANOR,STREET
2019-12-31,2019.0,23.0,40.696087,-73.780143,113,QUEENS,PETIT LARCENY,MISDEMEANOR,RESIDENCE-HOUSE
2023-11-12,2023.0,19.0,40.537979,-74.216488,123,STATEN ISLAND,HARRASSMENT 2,VIOLATION,RESIDENCE-HOUSE
2023-04-01,2023.0,16.0,40.64861355106,-73.90525720323,69,BROOKLYN,SEX CRIMES,FELONY,RESIDENCE - APT. HOUSE
2023-01-01,2023.0,12.0,40.78777,-73.973103,24,MANHATTAN,GRAND LARCENY,FELONY,RESIDENCE - APT. HOUSE
2023-12-15,2023.0,1.0,40.746168,-73.8581,110,QUEENS,BURGLARY,FELONY,RESIDENCE - APT. HOUSE
2023-06-16,2023.0,14.0,40.749083,-73.86218,110,QUEENS,GRAND LARCENY,FELONY,PARK/PLAYGROUND
2023-06-29,2023.0,9.0,40.695901,-73.954528,79,BROOKLYN,GRAND LARCENY,FELONY,COMMERCIAL BUILDING
2023-03-10,2023.0,10.0,40.57428568819,-74.10591440512,122,STATEN ISLAND,SEX CRIMES,MISDEMEANOR,RESIDENCE-HOUSE
2022-07-28,2022.0,0.0,40.642707,-74.076718,120,STATEN ISLAND,MISCELLANEOUS PENAL LAW,FELONY,OTHER
2022-10-01,2022.0,0.0,40.759607,-73.959038,19,MANHATTAN,GRAND LARCENY,FELONY,RESIDENCE - APT. HOUSE
2018-05-18,2018.0,12.0,40.715526,-74.001238,5,MANHATTAN,MISCELLANEOUS PENAL LAW,FELONY,(NULL)
2023-02-20,2023.0,17.0,40.822992,-73.85688,43,BRONX,PETIT LARCENY,MISDEMEANOR,CHAIN STORE
2023-09-06,2023.0,0.0,40.73395,-73.848821,112,QUEENS,GRAND LARCENY,FELONY,RESIDENCE-HOUSE
2022-12-01,2022.0,9.0,40.597065,-73.930714,61,BROOKLYN,GRAND LARCENY,FELONY,RESIDENCE-HOUSE
2022-10-05,2022.0,9.0,40.642568,-73.989497,66,BROOKLYN,THEFT-FRAUD,FELONY,RESIDENCE - APT. HOUSE
2023-09-28,2023.0,20.0,40.616741,-74.025207,68,BROOKLYN,OFF. AGNST PUB ORD SENSBLTY &,MISDEMEANOR,RESIDENCE-HOUSE
2023-08-01,2023.0,0.0,40.594162,-73.762262,101,QUEENS,OFF. AGNST PUB ORD SENSBLTY &,MISDEMEANOR,RESIDENCE-HOUSE
2022-07-01,2022.0,11.0,40.874546,-73.839618,47,BRONX,PETIT LARCENY,MISDEMEANOR,OTHER
2023-05-20,2023.0,0.0,40.735313,-73.823441,107,QUEENS,GRAND LARCENY,FELONY,RESIDENCE - APT. HOUSE
2023-03-16,2023.0,12.0,40.796342,-73.941199,23,MANHATTAN,PETIT LARCENY,MISDEMEANOR,RESIDENCE - PUBLIC HOUSING
2023-12-21,2023.0,19.0,40.672815,-73.871674,75,BROOKLYN,OFF. AGNST PUB ORD SENSBLTY &,MISDEMEANOR,RESIDENCE - PUBLIC HOUSING
2022-09-17,2022.0,0.0,40.877851,-73.864289,47,BRONX,GRAND LARCENY,FELONY,RESIDENCE - APT. HOUSE
2023-01-17,2023.0,1.0,40.613387,-73.978284,62,BROOKLYN,GRAND LARCENY,FELONY,RESIDENCE - APT. HOUSE
2023-01-02,2023.0,0.0,40.875763,-73.861321,47,BRONX,PETIT LARCENY,MISDEMEANOR,PUBLIC SCHOOL
2023-08-01,2023.0,8.0,40.853086,-73.894651,48,BRONX,FRAUDS,MISDEMEANOR,RESIDENCE - APT. HOUSE
2023-10-23,2023.0,21.0,40.58594334498,-73.81610192287,100,QUEENS,RAPE,FELONY,RESIDENCE - APT. HOUSE
2022-03-31,2022.0,12.0,40.57664597804,-73.97648039607,60,BROOKLYN,SEX CRIMES,MISDEMEANOR,RESIDENCE - APT. HOUSE
2022-07-16,2022.0,8.0,40.758648,-73.968709,17,MANHATTAN,THEFT-FRAUD,FELONY,COMMERCIAL BUILDING
2023-07-24,2023.0,0.0,40.807706,-73.947399,28,MANHATTAN,GRAND LARCENY,FELONY,RESIDENCE - APT. HOUSE
2022-07-16,2022.0,8.0,40.758648,-73.968709,17,MANHATTAN,THEFT-FRAUD,FELONY,COMMERCIAL BUILDING
2022-12-22,2022.0,20.0,40.75353270126,-73.99453689202,14,MANHATTAN,SEX CRIMES,FELONY,STREET
2022-07-16,2022.0,8.0,40.758648,-73.968709,17,MANHATTAN,THEFT-FRAUD,FELONY,COMMERCIAL BUILDING
2023-10-07,2023.0,12.0,40.723938,-74.002459,1,MANHATTAN,GRAND LARCENY,FELONY,COMMERCIAL BUILDING
2022-10-27,2022.0,17.0,40.715526,-74.001238,5,MANHATTAN,MISCELLANEOUS PENAL LAW,FELONY,OTHER
2023-01-01,2023.0,7.0,40.715526,-74.001238,5,MANHATTAN,PROSTITUTION & RELATED OFFENSES,FELONY,RESIDENCE - APT. HOUSE
2022-06-25,2022.0,14.0,40.79953,-73.932839,25,MANHATTAN,DANGEROUS DRUGS,MISDEMEANOR,STREET
2023-05-07,2023.0,8.0,40.667073,-73.894637,75,BROOKLYN,PETIT LARCENY,MISDEMEANOR,PUBLIC SCHOOL
2018-06-24,2018.0,22.0,40.82291230848,-73.87004130432,43,BRONX,SEX CRIMES,MISDEMEANOR,RESIDENCE - APT. HOUSE
2023-06-24,2023.0,13.0,40.64472094387,-74.0770327199,120,STATEN ISLAND,SEX CRIMES,MISDEMEANOR,RESIDENCE-HOUSE
2023-01-01,2023.0,0.0,40.723996,-73.975814,9,MANHATTAN,THEFT-FRAUD,FELONY,RESIDENCE - PUBLIC HOUSING
2022-06-01,2022.0,0.0,40.757188,-73.898052,115,QUEENS,GRAND LARCENY,FELONY,RESIDENCE-HOUSE
2022-11-01,2022.0,0.0,40.88286213132,-73.9035744897,50,BRONX,RAPE,FELONY,RESIDENCE - APT. HOUSE
2023-09-11,2023.0,23.0,40.716337,-73.949736,94,BROOKLYN,HARRASSMENT 2,VIOLATION,RESIDENCE - APT. HOUSE
2023-10-18,2023.0,8.0,40.785216,-73.971254,20,MANHATTAN,HARRASSMENT 2,VIOLATION,STREET
2023-08-01,2023.0,20.0,40.60277623008,-73.75011736483,101,QUEENS,RAPE,FELONY,RESIDENCE-HOUSE
2023-06-22,2023.0,18.0,40.63029125,-74.08890347,120,STATEN ISLAND,CRIMINAL MISCHIEF & RELATED OF,FELONY,OTHER
2022-01-01,2022.0,10.0,40.74266360845,-73.99804910848,10,MANHATTAN,RAPE,FELONY,RESIDENCE - PUBLIC HOUSING
2023-02-17,2023.0,7.0,40.779364,-73.987545,20,MANHATTAN,FORGERY,FELONY,PARKING LOT/GARAGE (PUBLIC)
2022-08-19,2022.0,5.0,40.510882,-74.244568,123,STATEN ISLAND,GRAND LARCENY,FELONY,RESIDENCE-HOUSE
2023-06-01,2023.0,0.0,40.75203,-73.92965,114,QUEENS,THEFT-FRAUD,FELONY,COMMERCIAL BUILDING
2023-07-01,2023.0,14.0,40.779336,-73.979255,20,MANHATTAN,HARRASSMENT 2,VIOLATION,RESIDENCE - APT. HOUSE
2023-06-22,2023.0,2.0,40.687148,-73.876449,75,BROOKLYN,CRIMINAL MISCHIEF & RELATED OF,MISDEMEANOR,RESIDENCE - APT. HOUSE
2019-01-01,2019.0,0.0,40.88731363447,-73.84727175776,47,BRONX,SEX CRIMES,MISDEMEANOR,RESIDENCE-HOUSE
2022-05-06,2022.0,0.0,40.75353270126,-73.99453689202,14,MANHATTAN,SEX CRIMES,MISDEMEANOR,RESIDENCE - APT. HOUSE
2022-07-17,2022.0,16.0,40.698797,-73.853083,102,QUEENS,OFF. AGNST PUB ORD SENSBLTY &,MISDEMEANOR,RESIDENCE - APT. HOUSE
2022-08-19,2022.0,12.0,40.561888,-74.12935,122,STATEN ISLAND,FRAUDS,MISDEMEANOR,RESIDENCE-HOUSE
2022-01-10,2022.0,8.0,40.826773,-73.824127,45,BRONX,OFF. AGNST PUB ORD SENSBLTY &,MISDEMEANOR,RESIDENCE - APT. HOUSE
2022-01-01,2022.0,7.0,40.643119,-74.007016,72,BROOKLYN,PETIT LARCENY,MISDEMEANOR,STREET
2023-06-21,2023.0,1.0,40.888349,-73.851714,47,BRONX,OFF. AGNST PUB ORD SENSBLTY &,MISDEMEANOR,RESIDENCE - APT. HOUSE
2022-03-25,2022.0,10.0,40.756318,-73.784138,111,QUEENS,PETIT LARCENY,MISDEMEANOR,RESIDENCE-HOUSE
2023-02-18,2023.0,17.0,40.778356,-73.952864,19,MANHATTAN,GRAND LARCENY,FELONY,TELECOMM. STORE
2018-01-01,2018.0,0.0,40.821181,-73.91237,40,BRONX,GRAND LARCENY,FELONY,COMMERCIAL BUILDING
2023-06-19,2023.0,22.0,40.744791,-73.783489,111,QUEENS,HARRASSMENT 2,VIOLATION,RESIDENCE-HOUSE
2023-01-01,2023.0,12.0,40.83784212093,-73.91962775174,44,BRONX,SEX CRIMES,MISDEMEANOR,RESIDENCE - APT. HOUSE
2023-01-01,2023.0,0.0,40.798783,-73.969712,24,MANHATTAN,THEFT-FRAUD,FELONY,RESIDENCE - APT. HOUSE
2023-10-17,2023.0,11.0,40.747729,-73.986838,14,MANHATTAN,GRAND LARCENY,FELONY,FAST FOOD
2019-02-20,2019.0,9.0,40.716345,-74.001252,5,MANHATTAN,MISCELLANEOUS PENAL LAW,FELONY,(NULL)
2023-11-27,2023.0,8.0,40.593831,-74.162204,121,STATEN ISLAND,FELONY ASSAULT,FELONY,CHAIN STORE
2023-05-23,2023.0,9.0,40.719767,-73.983749,7,MANHATTAN,THEFT-FRAUD,FELONY,RESIDENCE - APT. HOUSE
2022-11-29,2022.0,18.0,40.810512,-73.926142,40,BRONX,GRAND LARCENY,FELONY,RESIDENCE - PUBLIC HOUSING
2022-10-14,2022.0,3.0,40.85121316769,-73.93521605199,34,MANHATTAN,RAPE,FELONY,RESIDENCE-HOUSE
2023-08-15,2023.0,10.0,40.862751,-73.904128,52,BRONX,GRAND LARCENY,FELONY,CHECK CASHING BUSINESS
2022-06-18,2022.0,18.0,40.72399,-73.855659,112,QUEENS,ASSAULT 3 & RELATED OFFENSES,MISDEMEANOR,RESIDENCE - APT. HOUSE
2023-07-14,2023.0,10.0,40.51203825352,-74.24975495245,123,STATEN ISLAND,SEX CRIMES,MISDEMEANOR,RESIDENCE-HOUSE
2018-11-18,2018.0,0.0,40.68365124069,-74.00030431202,76,BROOKLYN,SEX CRIMES,MISDEMEANOR,RESIDENCE - APT. HOUSE
2023-05-01,2023.0,17.0,40.6281697437,-73.94135878348,63,BROOKLYN,SEX CRIMES,MISDEMEANOR,HOTEL/MOTEL
2023-12-13,2023.0,0.0,40.69317846,-73.79434128,103,QUEENS,DANGEROUS DRUGS,FELONY,STREET
2023-12-24,2023.0,0.0,40.759026,-73.915652,114,QUEENS,THEFT-FRAUD,FELONY,RESIDENCE - APT. HOUSE
2022-12-15,2022.0,0.0,40.716345,-74.001252,5,MANHATTAN,OTHER STATE LAWS,FELONY,PUBLIC BUILDING
2023-06-01,2023.0,1.0,40.74347,-74.005392,10,MANHATTAN,ASSAULT 3 & RELATED OFFENSES,MISDEMEANOR,RESIDENCE - PUBLIC HOUSING
2019-05-29,2019.0,21.0,40.73963701,-73.86072972,110,QUEENS,HARRASSMENT 2,VIOLATION,STREET
2023-09-10,2023.0,10.0,40.739013,-73.860402,110,QUEENS,HARRASSMENT 2,VIOLATION,RESIDENCE - APT. HOUSE
2023-10-12,2023.0,11.0,40.775862,-73.98988,20,MANHATTAN,HARRASSMENT 2,VIOLATION,RESIDENCE - APT. HOUSE
2023-12-22,2023.0,18.0,40.81035186346,-73.92494232564,40,BRONX,SEX CRIMES,FELONY,RESIDENCE - APT. HOUSE
2023-11-01,2023.0,0.0,40.7551,-73.833252,109,QUEENS,GRAND LARCENY,FELONY,COMMERCIAL BUILDING
2019-10-01,2019.0,15.0,40.7431245995,-73.95606807268,108,QUEENS,SEX CRIMES,MISDEMEANOR,COMMERCIAL BUILDING
2022-01-01,2022.0,0.0,40.88731363447,-73.84727175776,47,BRONX,SEX CRIMES,MISDEMEANOR,RESIDENCE - APT. HOUSE
2023-05-27,2023.0,19.0,40.766597,-73.988544,18,MANHATTAN,HARRASSMENT 2,VIOLATION,RESIDENCE - APT. HOUSE
2023-09-01,2023.0,10.0,40.66654,-73.879326,75,BROOKLYN,FRAUDS,MISDEMEANOR,RESIDENCE-HOUSE
2023-11-27,2023.0,23.0,40.842334,-73.92603,44,BRONX,ASSAULT 3 & RELATED OFFENSES,MISDEMEANOR,STREET
2023-07-20,2023.0,0.0,40.711224,-73.78754,103,QUEENS,THEFT-FRAUD,FELONY,RESIDENCE - APT. HOUSE
2023-06-01,2023.0,12.0,40.592954,-74.08605,122,STATEN ISLAND,HARRASSMENT 2,VIOLATION,RESIDENCE-HOUSE
2023-11-07,2023.0,7.0,40.838249,-73.927886,44,BRONX,GRAND LARCENY,FELONY,RESIDENCE - APT. HOUSE
2023-03-01,2023.0,0.0,40.671523,-73.760044,116,QUEENS,BURGLARY,FELONY,RESIDENCE-HOUSE
2019-05-01,2019.0,0.0,40.67135982034,-73.88181102317,75,BROOKLYN,RAPE,FELONY,RESIDENCE - APT. HOUSE
2022-11-20,2022.0,9.0,40.786944,-73.943575,23,MANHATTAN,GRAND LARCENY,FELONY,RESIDENCE - PUBLIC HOUSING
2022-05-01,2022.0,9.0,40.62126,-73.993694,62,BROOKLYN,GRAND LARCENY,FELONY,RESIDENCE - APT. HOUSE
2023-12-26,2023.0,0.0,40.60221616571,-74.00295079884,62,BROOKLYN,RAPE,FELONY,RESIDENCE-HOUSE
2022-06-28,2022.0,8.0,40.657742,-73.909136,73,BROOKLYN,GRAND LARCENY,FELONY,RESIDENCE-HOUSE
2023-03-09,2023.0,16.0,40.737886,-73.973714,13,MANHATTAN,CRIMINAL MISCHIEF & RELATED OF,FELONY,RESIDENCE - APT. HOUSE
2022-07-29,2022.0,15.0,40.528514,-74.159735,123,STATEN ISLAND,OFF. AGNST PUB ORD SENSBLTY &,MISDEMEANOR,RESIDENCE-HOUSE
2023-12-28,2023.0,0.0,40.594996,-73.932153,61,BROOKLYN,GRAND LARCENY,FELONY,RESIDENCE-HOUSE
2023-12-01,2023.0,0.0,40.663021,-73.887556,75,BROOKLYN,HARRASSMENT 2,VIOLATION,RESIDENCE-HOUSE
2023-11-11,2023.0,13.0,40.697437,-73.853768,102,QUEENS,DANGEROUS DRUGS,FELONY,STREET
2019-02-09,2019.0,22.0,40.760765,-73.915895,114,QUEENS,ASSAULT 3 & RELATED OFFENSES,MISDEMEANOR,RESIDENCE - APT. HOUSE
2023-03-01,2023.0,0.0,40.732403,-73.736698,105,QUEENS,CRIMINAL MISCHIEF & RELATED OF,FELONY,RESIDENCE-HOUSE
2023-03-01,2023.0,0.0,40.732403,-73.736698,105,QUEENS,CRIMINAL MISCHIEF & RELATED OF,FELONY,RESIDENCE-HOUSE
2022-01-21,2022.0,12.0,40.608948,-73.983722,62,BROOKLYN,GRAND LARCENY,FELONY,RESIDENCE - APT. HOUSE
2022-08-01,2022.0,0.0,40.757509,-73.877193,115,QUEENS,FRAUDS,MISDEMEANOR,RESIDENCE - APT. HOUSE
2023-06-01,2023.0,0.0,40.644117,-73.974261,66,BROOKLYN,GRAND LARCENY,FELONY,RESIDENCE - APT. HOUSE
2023-12-23,2023.0,8.0,40.73925,-73.92802,108,QUEENS,GRAND LARCENY,FELONY,RESIDENCE-HOUSE
2018-10-20,2018.0,0.0,40.72044188847,-74.00674397419,1,MANHATTAN,PETIT LARCENY,MISDEMEANOR,RESIDENCE - PUBLIC HOUSING
2023-06-08,2023.0,4.0,40.655157,-73.954631,71,BROOKLYN,HARRASSMENT 2,VIOLATION,RESIDENCE - APT. HOUSE
2022-09-09,2022.0,3.0,40.733591,-73.956511,94,BROOKLYN,CRIMINAL MISCHIEF & RELATED OF,MISDEMEANOR,RESIDENCE - APT. HOUSE
2023-06-24,2023.0,0.0,40.76231580042,-73.82744800186,109,QUEENS,RAPE,FELONY,RESIDENCE - APT. HOUSE
2023-01-01,2023.0,0.0,40.823933,-73.912948,42,BRONX,HARRASSMENT 2,VIOLATION,RESIDENCE - APT. HOUSE
2023-04-08,2023.0,0.0,40.83072232777,-73.82712605886,45,BRONX,RAPE,FELONY,RESIDENCE - APT. HOUSE
2022-12-14,2022.0,8.0,40.705313,-73.801385,103,QUEENS,FRAUDS,MISDEMEANOR,HOMELESS SHELTER
2023-03-02,2023.0,0.0,40.613128,-73.950115,70,BROOKLYN,GRAND LARCENY,FELONY,RESIDENCE-HOUSE
2023-10-01,2023.0,18.0,40.82291230848,-73.87004130432,43,BRONX,SEX CRIMES,FELONY,RESIDENCE - APT. HOUSE
2018-03-12,2018.0,21.0,40.73389675845,-74.00539583734,6,MANHATTAN,SEX CRIMES,MISDEMEANOR,BAR/NIGHT CLUB
2023-05-24,2023.0,11.0,40.605786,-73.969328,61,BROOKLYN,GRAND LARCENY,FELONY,RESIDENCE-HOUSE
2023-06-22,2023.0,11.0,40.61779,-74.01543,68,BROOKLYN,GRAND LARCENY,FELONY,RESIDENCE-HOUSE
2023-11-01,2023.0,0.0,40.83417,-73.91805,44,BRONX,GRAND LARCENY,FELONY,SMALL MERCHANT
2023-12-02,2023.0,8.0,40.74761,-73.716778,105,QUEENS,HARRASSMENT 2,VIOLATION,RESIDENCE - APT. HOUSE
2022-09-09,2022.0,12.0,40.656734,-73.870966,75,BROOKLYN,GRAND LARCENY,FELONY,RESIDENCE - APT. HOUSE
2022-01-01,2022.0,0.0,40.67113000169,-73.9135020552,73,BROOKLYN,SEX CRIMES,MISDEMEANOR,RESIDENCE - APT. HOUSE
2019-12-01,2019.0,22.0,40.8565767276,-73.84389367793,49,BRONX,RAPE,FELONY,RESIDENCE - APT. HOUSE
2022-01-01,2022.0,19.0,40.669946,-73.951888,71,BROOKLYN,GRAND LARCENY,FELONY,RESIDENCE - APT. HOUSE
2023-08-05,2023.0,20.0,40.88731363447,-73.84727175776,47,BRONX,SEX CRIMES,MISDEMEANOR,RESIDENCE - APT. HOUSE
2022-01-01,2022.0,0.0,40.688017,-73.793543,113,QUEENS,FRAUDS,MISDEMEANOR,RESIDENCE-HOUSE
2023-05-01,2023.0,8.0,40.693777,-73.980121,88,BROOKLYN,PETIT LARCENY,MISDEMEANOR,RESIDENCE - PUBLIC HOUSING
2023-07-10,2023.0,8.0,40.838178,-73.94494,33,MANHATTAN,GRAND LARCENY,FELONY,RESIDENCE - APT. HOUSE
2023-12-01,2023.0,0.0,40.685492,-73.868889,75,BROOKLYN,FRAUDS,MISDEMEANOR,DOCTOR/DENTIST OFFICE
2023-05-01,2023.0,0.0,40.8801,-73.859666,47,BRONX,THEFT-FRAUD,FELONY,RESIDENCE - APT. HOUSE
2022-11-01,2022.0,15.0,40.713506,-73.756678,103,QUEENS,PETIT LARCENY,MISDEMEANOR,RESIDENCE-HOUSE
2023-07-10,2023.0,9.0,40.82163,-73.902329,42,BRONX,GRAND LARCENY,FELONY,RESIDENCE - APT. HOUSE
2023-11-24,2023.0,12.0,40.765252,-73.921627,114,QUEENS,GRAND LARCENY,FELONY,RESIDENCE-HOUSE
2019-05-01,2019.0,0.0,40.82291230848,-73.87004130432,43,BRONX,SEX CRIMES,MISDEMEANOR,RESIDENCE - APT. HOUSE
2023-06-02,2023.0,7.0,40.574433,-74.007278,60,BROOKLYN,HARRASSMENT 2,VIOLATION,RESIDENCE - APT. HOUSE
2022-06-27,2022.0,0.0,40.74348126388,-73.8740035374,110,QUEENS,SEX CRIMES,MISDEMEANOR,RESIDENCE - APT. HOUSE
2023-09-21,2023.0,12.0,40.619305,-74.02681,68,BROOKLYN,GRAND LARCENY,FELONY,RESIDENCE-HOUSE
2023-08-01,2023.0,12.0,40.825027,-73.944042,30,MANHATTAN,FRAUDS,MISDEMEANOR,RESIDENCE - APT. HOUSE
2022-01-22,2022.0,0.0,40.593619,-73.962049,61,BROOKLYN,GRAND LARCENY,FELONY,RESIDENCE - APT. HOUSE
2022-11-07,2022.0,15.0,40.712741,-73.944091,90,BROOKLYN,GRAND LARCENY OF MOTOR VEHICLE,FELONY,STREET
2023-11-23,2023.0,17.0,40.738062,-73.979239,13,MANHATTAN,GRAND LARCENY,FELONY,RESIDENCE - APT. HOUSE
2022-01-01,2022.0,0.0,40.535528,-74.213137,123,STATEN ISLAND,THEFT-FRAUD,FELONY,RESIDENCE-HOUSE
2023-09-14,2023.0,13.0,40.717159,-73.782416,107,QUEENS,GRAND LARCENY,FELONY,RESIDENCE-HOUSE
2023-08-01,2023.0,23.0,40.642807,-73.95596,70,BROOKLYN,FELONY ASSAULT,FELONY,RESIDENCE - APT. HOUSE
2022-07-03,2022.0,11.0,40.81620584392,-73.89600119326,41,BRONX,SEX CRIMES,FELONY,RESIDENCE - APT. HOUSE
2023-12-02,2023.0,21.0,40.700817,-73.82645,102,QUEENS,MURDER & NON-NEGL. MANSLAUGHTER,FELONY,STORE UNCLASSIFIED
2023-05-31,2023.0,2.0,40.842596,-73.842616,49,BRONX,CRIMINAL MISCHIEF & RELATED OF,MISDEMEANOR,HOMELESS SHELTER
2023-03-11,2023.0,16.0,40.650467,-73.957268,70,BROOKLYN,GRAND LARCENY,FELONY,MAILBOX INSIDE
2022-03-09,2022.0,0.0,40.65241,-73.954338,67,BROOKLYN,GRAND LARCENY,FELONY,RESIDENCE - APT. HOUSE
2023-05-22,2023.0,19.0,40.631454,-73.899967,69,BROOKLYN,PETIT LARCENY,MISDEMEANOR,RESIDENCE-HOUSE
2022-10-31,2022.0,8.0,40.682125,-73.875204,75,BROOKLYN,GRAND LARCENY,FELONY,STORE UNCLASSIFIED
2019-05-01,2019.0,0.0,40.635196,-73.91893,63,BROOKLYN,MURDER & NON-NEGL. MANSLAUGHTER,FELONY,MULTI DWELL - PUBLIC HOUS
2023-05-20,2023.0,16.0,40.879869,-73.880394,52,BRONX,HARRASSMENT 2,VIOLATION,OTHER
2023-12-22,2023.0,0.0,40.712372,-74.000884,5,MANHATTAN,GRAND LARCENY,FELONY,PUBLIC BUILDING
2022-09-09,2022.0,0.0,40.8843695,-73.90104296,50,BRONX,FORGERY,FELONY,STREET
2023-02-20,2023.0,12.0,40.549247,-74.141853,122,STATEN ISLAND,HARRASSMENT 2,VIOLATION,RESIDENCE-HOUSE
2023-11-01,2023.0,0.0,40.67135982034,-73.88181102317,75,BROOKLYN,SEX CRIMES,MISDEMEANOR,OTHER
2022-07-04,2022.0,17.0,40.824171,-73.898027,41,BRONX,PETIT LARCENY,MISDEMEANOR,STREET
2018-06-01,2018.0,0.0,40.6231883776,-74.14923769473,121,STATEN ISLAND,SEX CRIMES,FELONY,RESIDENCE - PUBLIC HOUSING
2023-10-26,2023.0,2.0,40.864725,-73.890684,52,BRONX,ASSAULT 3 & RELATED OFFENSES,MISDEMEANOR,RESIDENCE - APT. HOUSE
2023-02-02,2023.0,15.0,40.614116,-73.944443,61,BROOKLYN,THEFT-FRAUD,FELONY,PUBLIC BUILDING
2023-03-06,2023.0,0.0,40.700881,-73.806405,103,QUEENS,THEFT-FRAUD,FELONY,RESIDENCE - APT. HOUSE
2023-03-16,2023.0,12.0,40.80437576,-73.93742023,25,MANHATTAN,MISCELLANEOUS PENAL LAW,FELONY,STREET
2023-09-30,2023.0,14.0,40.599259,-73.941665,61,BROOKLYN,HARRASSMENT 2,VIOLATION,COMMERCIAL BUILDING
2023-10-05,2023.0,15.0,40.798947,-73.929912,25,MANHATTAN,HARRASSMENT 2,VIOLATION,RESIDENCE - PUBLIC HOUSING
2022-05-28,2022.0,10.0,40.7265156408,-73.98829024376,9,MANHATTAN,HARRASSMENT 2,VIOLATION,RESIDENCE - PUBLIC HOUSING
2023-09-01,2023.0,8.0,40.599998,-73.936002,61,BROOKLYN,GRAND LARCENY,FELONY,SMALL MERCHANT
2023-08-10,2023.0,22.0,40.710119,-73.757294,103,QUEENS,GRAND LARCENY,FELONY,RESIDENCE-HOUSE
2022-03-04,2022.0,22.0,40.712224,-73.962748,90,BROOKLYN,FELONY ASSAULT,FELONY,BAR/NIGHT CLUB
2018-08-01,2018.0,0.0,40.762615,-73.916042,114,QUEENS,DANGEROUS DRUGS,FELONY,COMMERCIAL BUILDING
2022-10-28,2022.0,12.0,40.695051,-73.917793,83,BROOKLYN,THEFT-FRAUD,FELONY,RESIDENCE - APT. HOUSE
2023-03-27,2023.0,0.0,40.706762,-73.732562,105,QUEENS,GRAND LARCENY,FELONY,RESIDENCE-HOUSE
2022-04-16,2022.0,18.0,40.682361,-73.759063,116,QUEENS,ASSAULT 3 & RELATED OFFENSES,MISDEMEANOR,RESIDENCE-HOUSE
2018-01-01,2018.0,0.0,40.67113000169,-73.9135020552,73,BROOKLYN,SEX CRIMES,MISDEMEANOR,RESIDENCE - APT. HOUSE
2018-03-28,2018.0,0.0,40.762615,-73.916042,114,QUEENS,GAMBLING,MISDEMEANOR,COMMERCIAL BUILDING
2023-08-25,2023.0,10.0,40.669773,-73.98751,78,BROOKLYN,PETIT LARCENY,MISDEMEANOR,STREET
2023-10-01,2023.0,0.0,40.886861,-73.862684,47,BRONX,FRAUDS,MISDEMEANOR,RESIDENCE-HOUSE
2022-01-06,2022.0,23.0,40.76949511844,-73.91502417039,114,QUEENS,SEX CRIMES,MISDEMEANOR,PUBLIC SCHOOL
2022-08-05,2022.0,0.0,40.72441,-73.999858,1,MANHATTAN,GRAND LARCENY,FELONY,CHAIN STORE
2022-05-11,2022.0,7.0,40.76949511844,-73.91502417039,114,QUEENS,SEX CRIMES,MISDEMEANOR,PUBLIC SCHOOL
2018-03-01,2018.0,0.0,40.75656758464,-73.87593153413,115,QUEENS,SEX CRIMES,MISDEMEANOR,RESIDENCE - APT. HOUSE
2023-05-26,2023.0,14.0,40.668165,-73.887282,75,BROOKLYN,HARRASSMENT 2,VIOLATION,RESIDENCE-HOUSE
2023-12-09,2023.0,3.0,40.748592,-73.977089,17,MANHATTAN,HARRASSMENT 2,VIOLATION,RESIDENCE - APT. HOUSE
2022-07-28,2022.0,0.0,40.63211,-73.921493,63,BROOKLYN,THEFT-FRAUD,FELONY,RESIDENCE - APT. HOUSE
2023-06-07,2023.0,3.0,40.698499,-73.986566,84,BROOKLYN,HARRASSMENT 2,VIOLATION,RESIDENCE - APT. HOUSE
2022-05-24,2022.0,18.0,40.82727744,-73.90490743,42,BRONX,OTHER STATE LAWS,FELONY,STREET
2023-05-23,2023.0,18.0,40.695163,-73.974222,88,BROOKLYN,OFF. AGNST PUB ORD SENSBLTY &,MISDEMEANOR,RESIDENCE - PUBLIC HOUSING
2023-07-20,2023.0,0.0,40.859047,-73.884668,48,BRONX,GRAND LARCENY,FELONY,FAST FOOD
2023-06-17,2023.0,20.0,40.753118,-73.781891,111,QUEENS,FRAUDS,MISDEMEANOR,RESIDENCE-HOUSE
2023-12-15,2023.0,6.0,40.676015,-73.904808,73,BROOKLYN,PETIT LARCENY,MISDEMEANOR,HOMELESS SHELTER
2022-08-15,2022.0,1.0,40.603571,-74.01457,62,BROOKLYN,GRAND LARCENY,FELONY,RESIDENCE-HOUSE
2023-05-22,2023.0,11.0,40.829787,-73.880407,43,BRONX,GRAND LARCENY,FELONY,RESIDENCE - APT. HOUSE
2023-07-19,2023.0,15.0,40.692079,-73.982973,84,BROOKLYN,GRAND LARCENY,FELONY,RESIDENCE - APT. HOUSE
2023-01-01,2023.0,9.0,40.713439,-73.79693,107,QUEENS,HARRASSMENT 2,VIOLATION,PUBLIC SCHOOL
2023-12-11,2023.0,13.0,40.716417,-73.947244,94,BROOKLYN,FRAUDS,MISDEMEANOR,RESIDENCE-HOUSE
2018-05-01,2018.0,12.0,40.622471,-73.95283,70,BROOKLYN,GRAND LARCENY,FELONY,RESIDENCE-HOUSE
2023-05-23,2023.0,15.0,40.626873,-74.000606,68,BROOKLYN,HARRASSMENT 2,VIOLATION,RESIDENCE-HOUSE
2023-10-16,2023.0,0.0,40.688726,-73.967934,88,BROOKLYN,THEFT-FRAUD,FELONY,RESIDENCE - APT. HOUSE
2022-12-08,2022.0,8.0,40.619735,-73.95745,70,BROOKLYN,HARRASSMENT 2,VIOLATION,RESIDENCE - APT. HOUSE
2019-08-12,2019.0,13.0,40.831167,-73.946999,30,MANHATTAN,GRAND LARCENY,FELONY,RESIDENCE - APT. HOUSE
2023-12-10,2023.0,4.0,40.726559,-73.944654,94,BROOKLYN,OFF. AGNST PUB ORD SENSBLTY &,MISDEMEANOR,RESIDENCE - APT. HOUSE
2023-08-03,2023.0,9.0,40.597083,-73.972363,61,BROOKLYN,GRAND LARCENY,FELONY,BANK
2022-06-01,2022.0,0.0,40.675862,-73.903173,75,BROOKLYN,PROSTITUTION & RELATED OFFENSES,FELONY,HOTEL/MOTEL
2022-02-05,2022.0,9.0,40.71546,-74.0019,5,MANHATTAN,MISCELLANEOUS PENAL LAW,FELONY,PUBLIC BUILDING
2019-04-12,2019.0,8.0,40.700177,-73.833238,102,QUEENS,GRAND LARCENY,FELONY,COMMERCIAL BUILDING
2019-01-01,2019.0,12.0,40.813083,-73.935299,25,MANHATTAN,FRAUDS,MISDEMEANOR,RESIDENCE - APT. HOUSE
2022-02-19,2022.0,9.0,40.71546,-74.0019,5,MANHATTAN,MISCELLANEOUS PENAL LAW,FELONY,PUBLIC BUILDING
2019-05-21,2019.0,0.0,40.86947047705,-73.87986080373,52,BRONX,SEX CRIMES,MISDEMEANOR,RESIDENCE - APT. HOUSE
2019-10-11,2019.0,8.0,40.71546,-74.0019,5,MANHATTAN,DANGEROUS DRUGS,FELONY,PUBLIC BUILDING
2023-01-01,2023.0,0.0,40.75656758464,-73.87593153413,115,QUEENS,SEX CRIMES,MISDEMEANOR,RESIDENCE-HOUSE
2022-03-24,2022.0,0.0,40.6231883776,-74.14923769473,121,STATEN ISLAND,RAPE,FELONY,RESIDENCE-HOUSE
2022-07-20,2022.0,4.0,40.827972,-73.850117,43,BRONX,PETIT LARCENY,MISDEMEANOR,BAR/NIGHT CLUB
2023-04-04,2023.0,0.0,40.651466,-73.954236,67,BROOKLYN,GRAND LARCENY,FELONY,MAILBOX OUTSIDE
2023-12-02,2023.0,13.0,40.664357,-73.736297,116,QUEENS,HARRASSMENT 2,VIOLATION,RESIDENCE-HOUSE
2023-12-31,2023.0,22.0,40.703461,-73.926517,83,BROOKLYN,OFF. AGNST PUB ORD SENSBLTY &,MISDEMEANOR,RESIDENCE - APT. HOUSE
2023-06-15,2023.0,7.0,40.707949,-73.961065,90,BROOKLYN,GRAND LARCENY,FELONY,RESIDENCE - PUBLIC HOUSING
2023-11-05,2023.0,14.0,40.67135982034,-73.88181102317,75,BROOKLYN,SEX CRIMES,FELONY,RESIDENCE - PUBLIC HOUSING
2023-01-12,2023.0,12.0,40.745433,-73.980436,17,MANHATTAN,GRAND LARCENY,FELONY,COMMERCIAL BUILDING
2018-01-01,2018.0,0.0,40.829641,-73.91521,44,BRONX,OTHER STATE LAWS,FELONY,RESIDENCE - APT. HOUSE
2022-12-20,2022.0,0.0,40.70887,-73.942601,90,BROOKLYN,GRAND LARCENY,FELONY,RESIDENCE - PUBLIC HOUSING
2023-11-01,2023.0,15.0,40.6984738177,-73.91776898122,83,BROOKLYN,SEX CRIMES,MISDEMEANOR,RESIDENCE - APT. HOUSE
2018-08-17,2018.0,0.0,40.875405,-73.842996,47,BRONX,THEFT-FRAUD,FELONY,RESIDENCE-HOUSE
2023-01-12,2023.0,13.0,40.726849,-73.992718,9,MANHATTAN,PETIT LARCENY,MISDEMEANOR,CHAIN STORE
2022-07-01,2022.0,0.0,40.74348126388,-73.8740035374,110,QUEENS,SEX CRIMES,MISDEMEANOR,RESIDENCE-HOUSE
2023-05-01,2023.0,9.0,40.699539,-73.929779,83,BROOKLYN,GRAND LARCENY,FELONY,RESIDENCE-HOUSE
2023-04-24,2023.0,16.0,40.82862324005,-73.94384883699,30,MANHATTAN,RAPE,FELONY,RESIDENCE - APT. HOUSE
2023-05-17,2023.0,3.0,40.75353270126,-73.99453689202,14,MANHATTAN,SEX CRIMES,MISDEMEANOR,RESIDENCE - APT. HOUSE
2023-08-18,2023.0,20.0,40.692754,-73.829291,102,QUEENS,THEFT-FRAUD,FELONY,RESIDENCE-HOUSE
2018-02-01,2018.0,20.0,40.67998073847,-73.7762339072,113,QUEENS,RAPE,FELONY,RESIDENCE-HOUSE
2022-11-23,2022.0,16.0,40.618978,-74.121043,120,STATEN ISLAND,GRAND LARCENY,FELONY,RESIDENCE-HOUSE
2023-03-17,2023.0,0.0,40.703283,-73.99161,84,BROOKLYN,GRAND LARCENY,FELONY,RESIDENCE - APT. HOUSE
2023-04-07,2023.0,11.0,40.716744,-73.74231,105,QUEENS,THEFT-FRAUD,FELONY,PUBLIC BUILDING
2022-01-14,2022.0,7.0,40.82781161,-73.92592932,44,BRONX,OTHER STATE LAWS,VIOLATION,TRANSIT - NYC SUBWAY
2023-07-01,2023.0,0.0,40.74348126388,-73.8740035374,110,QUEENS,SEX CRIMES,FELONY,RESIDENCE - APT. HOUSE
2023-12-23,2023.0,19.0,40.849112,-73.868793,49,BRONX,UNAUTHORIZED USE OF A VEHICLE,MISDEMEANOR,RESIDENCE - APT. HOUSE
2018-05-08,2018.0,12.0,40.74266360845,-73.99804910848,10,MANHATTAN,SEX CRIMES,MISDEMEANOR,RESTAURANT/DINER
2019-01-01,2019.0,0.0,40.68900139556,-73.94502653287,79,BROOKLYN,SEX CRIMES,MISDEMEANOR,RESIDENCE - PUBLIC HOUSING
2019-01-01,2019.0,0.0,40.67135982034,-73.88181102317,75,BROOKLYN,SEX CRIMES,MISDEMEANOR,RESIDENCE - APT. HOUSE
2023-11-01,2023.0,0.0,40.76231580042,-73.82744800186,109,QUEENS,SEX CRIMES,FELONY,RESIDENCE-HOUSE
2023-10-01,2023.0,7.0,40.592472,-73.952782,61,BROOKLYN,THEFT-FRAUD,FELONY,RESIDENCE-HOUSE
2023-09-20,2023.0,19.0,40.693925,-73.976913,88,BROOKLYN,OFF. AGNST PUB ORD SENSBLTY &,MISDEMEANOR,RESIDENCE - PUBLIC HOUSING
2022-10-01,2022.0,8.0,40.762611,-73.985877,18,MANHATTAN,THEFT-FRAUD,FELONY,RESIDENCE - APT. HOUSE
2022-05-08,2022.0,15.0,40.536829,-74.166783,123,STATEN ISLAND,GRAND LARCENY,FELONY,RESIDENCE-HOUSE
2023-06-01,2023.0,9.0,40.753396,-73.888291,115,QUEENS,HARRASSMENT 2,VIOLATION,RESIDENCE - APT. HOUSE
2023-05-06,2023.0,8.0,40.841392,-73.937714,33,MANHATTAN,GRAND LARCENY,FELONY,RESIDENCE - APT. HOUSE
2023-11-01,2023.0,0.0,40.76949511844,-73.91502417039,114,QUEENS,SEX CRIMES,FELONY,RESIDENCE - PUBLIC HOUSING
2023-11-10,2023.0,14.0,40.626343,-74.075447,120,STATEN ISLAND,PETIT LARCENY,MISDEMEANOR,COMMERCIAL BUILDING
2023-07-01,2023.0,0.0,40.65815775355,-74.00044115489,72,BROOKLYN,SEX CRIMES,MISDEMEANOR,RESIDENCE - APT. HOUSE
2023-09-20,2023.0,8.0,40.67967,-73.936136,81,BROOKLYN,THEFT-FRAUD,FELONY,RESIDENCE - APT. HOUSE
2023-01-25,2023.0,9.0,40.724589,-73.97538,9,(NULL),PETIT LARCENY,MISDEMEANOR,RESIDENCE-HOUSE
2018-05-19,2018.0,0.0,40.85359836738,-73.90057688073,46,BRONX,SEX CRIMES,MISDEMEANOR,RESIDENCE - APT. HOUSE
2023-05-09,2023.0,23.0,40.718919,-73.989391,7,MANHATTAN,CRIMINAL MISCHIEF & RELATED OF,FELONY,STREET
2023-05-09,2023.0,23.0,40.719675,-73.989443,7,MANHATTAN,CRIMINAL MISCHIEF & RELATED OF,FELONY,STREET
2022-01-27,2022.0,0.0,40.715983,-73.804007,107,QUEENS,GRAND LARCENY,FELONY,RESIDENCE-HOUSE
2023-10-26,2023.0,9.0,40.755276,-73.771559,111,QUEENS,THEFT-FRAUD,FELONY,RESIDENCE-HOUSE
2023-12-24,2023.0,13.0,40.805621,-73.886069,41,BRONX,PETIT LARCENY,MISDEMEANOR,STREET
2022-02-22,2022.0,0.0,40.76949511844,-73.91502417039,114,QUEENS,SEX CRIMES,MISDEMEANOR,RESIDENCE - APT. HOUSE
2018-09-12,2018.0,19.0,40.80093037274,-73.94109824101,25,MANHATTAN,SEX CRIMES,MISDEMEANOR,RESIDENCE - PUBLIC HOUSING
2023-05-10,2023.0,18.0,40.79953,-73.932839,25,MANHATTAN,FELONY ASSAULT,FELONY,RESIDENCE - PUBLIC HOUSING
2022-09-23,2022.0,17.0,40.886142,-73.844996,47,BRONX,GRAND LARCENY,FELONY,RESIDENCE - APT. HOUSE
2023-07-21,2023.0,9.0,40.59377,-73.784419,101,QUEENS,FELONY ASSAULT,FELONY,RESIDENCE - PUBLIC HOUSING
2022-01-01,2022.0,0.0,40.713952,-73.991457,7,MANHATTAN,FRAUDS,MISDEMEANOR,RESIDENCE - APT. HOUSE
2022-10-21,2022.0,16.0,40.595609,-74.084491,122,STATEN ISLAND,GRAND LARCENY,FELONY,STREET
2023-06-15,2023.0,14.0,40.636048,-73.989272,66,BROOKLYN,GRAND LARCENY,FELONY,STORE UNCLASSIFIED
2023-04-01,2023.0,0.0,40.625328,-74.000423,68,BROOKLYN,GRAND LARCENY,FELONY,RESIDENCE-HOUSE
2022-03-24,2022.0,17.0,40.687056,-73.852726,102,QUEENS,DANGEROUS DRUGS,FELONY,STREET
2022-01-06,2022.0,8.0,40.6984738177,-73.91776898122,83,BROOKLYN,SEX CRIMES,MISDEMEANOR,RESIDENCE-HOUSE
2023-10-01,2023.0,12.0,40.771688,-73.980908,20,MANHATTAN,OFF. AGNST PUB ORD SENSBLTY &,MISDEMEANOR,RESIDENCE - APT. HOUSE
2023-04-23,2023.0,12.0,40.737758,-73.900873,108,QUEENS,GRAND LARCENY,FELONY,RESIDENCE-HOUSE
2023-06-01,2023.0,10.0,40.768069,-73.926341,114,QUEENS,HARRASSMENT 2,VIOLATION,RESIDENCE - APT. HOUSE
2022-11-01,2022.0,12.0,40.810923,-73.945051,32,MANHATTAN,THEFT-FRAUD,FELONY,RESIDENCE - APT. HOUSE
2023-10-13,2023.0,10.0,40.786591,-73.940799,23,MANHATTAN,BURGLARY,FELONY,RESIDENCE - APT. HOUSE
2023-07-08,2023.0,7.0,40.68900139556,-73.94502653287,79,BROOKLYN,RAPE,FELONY,RESIDENCE - APT. HOUSE
2019-01-01,2019.0,0.0,40.71630999173,-73.98316601369,7,MANHATTAN,SEX CRIMES,MISDEMEANOR,RESIDENCE - APT. HOUSE
2019-11-01,2019.0,10.0,40.691959,-73.95562,79,BROOKLYN,OFF. AGNST PUB ORD SENSBLTY &,MISDEMEANOR,RESIDENCE - APT. HOUSE
2023-05-01,2023.0,19.0,40.799422,-73.937474,25,MANHATTAN,OFF. AGNST PUB ORD SENSBLTY &,MISDEMEANOR,RESIDENCE - APT. HOUSE
2023-06-15,2023.0,9.0,40.781778,-73.954985,19,MANHATTAN,OFF. AGNST PUB ORD SENSBLTY &,MISDEMEANOR,RESIDENCE - APT. HOUSE
2023-05-06,2023.0,14.0,40.6803817,-73.85966369,102,QUEENS,ASSAULT 3 & RELATED OFFENSES,MISDEMEANOR,STREET
2023-03-13,2023.0,18.0,40.68078561263,-73.97447511622,78,BROOKLYN,SEX CRIMES,MISDEMEANOR,OTHER
2023-11-01,2023.0,8.0,40.75547,-73.981554,14,MANHATTAN,GRAND LARCENY,FELONY,RESTAURANT/DINER
2022-10-22,2022.0,0.0,40.612454,-73.920625,63,BROOKLYN,GRAND LARCENY,FELONY,RESIDENCE-HOUSE
2023-06-30,2023.0,18.0,40.779387,-73.844249,109,QUEENS,FELONY ASSAULT,FELONY,RESIDENCE-HOUSE
2023-10-30,2023.0,14.0,40.708814,-73.921771,83,BROOKLYN,FRAUDS,MISDEMEANOR,HOMELESS SHELTER
2022-07-07,2022.0,12.0,40.609253,-73.980939,62,BROOKLYN,FRAUDS,MISDEMEANOR,RESIDENCE-HOUSE
2022-11-24,2022.0,9.0,40.609781,-73.75061,101,QUEENS,OFFENSES AGAINST PUBLIC ADMINI,MISDEMEANOR,RESIDENCE - PUBLIC HOUSING
2022-05-05,2022.0,0.0,40.878952,-73.915416,50,BRONX,ASSAULT 3 & RELATED OFFENSES,MISDEMEANOR,RESIDENCE - APT. HOUSE
2023-07-03,2023.0,16.0,40.827915,-73.924706,44,BRONX,GRAND LARCENY,FELONY,COMMERCIAL BUILDING
2023-05-04,2023.0,22.0,40.85712847,-73.88079263,48,BRONX,ASSAULT 3 & RELATED OFFENSES,MISDEMEANOR,STREET
2022-05-12,2022.0,12.0,40.754738,-73.989758,14,MANHATTAN,HARRASSMENT 2,VIOLATION,COMMERCIAL BUILDING
2023-06-11,2023.0,2.0,40.753463,-73.994399,14,MANHATTAN,OFFENSES AGAINST PUBLIC ADMINI,MISDEMEANOR,PUBLIC BUILDING
2023-11-15,2023.0,14.0,40.813113,-73.935529,25,MANHATTAN,GRAND LARCENY,FELONY,RESIDENCE - APT. HOUSE
2023-05-02,2023.0,2.0,40.754542,-73.895127,115,QUEENS,VEHICLE AND TRAFFIC LAWS,MISDEMEANOR,STREET
2023-09-28,2023.0,14.0,40.831213,-73.892217,42,BRONX,FELONY ASSAULT,FELONY,RESIDENCE - APT. HOUSE
2023-12-10,2023.0,2.0,40.73011306687,-73.81090891488,107,QUEENS,SEX CRIMES,MISDEMEANOR,RESIDENCE-HOUSE
2023-05-02,2023.0,21.0,40.663996,-73.893848,75,BROOKLYN,HARRASSMENT 2,VIOLATION,RESIDENCE - APT. HOUSE
2023-05-02,2023.0,22.0,40.745939,-73.892164,110,QUEENS,HARRASSMENT 2,VIOLATION,RESIDENCE-HOUSE
2022-08-01,2022.0,12.0,40.57664597804,-73.97648039607,60,BROOKLYN,SEX CRIMES,MISDEMEANOR,RESIDENCE - APT. HOUSE
2023-05-10,2023.0,14.0,40.647928,-73.954582,67,BROOKLYN,GRAND LARCENY,FELONY,RESIDENCE - APT. HOUSE
2022-08-18,2022.0,0.0,40.694389,-73.987196,84,BROOKLYN,MISCELLANEOUS PENAL LAW,FELONY,(NULL)
2022-11-03,2022.0,9.0,40.8395,-73.846006,45,BRONX,OFF. AGNST PUB ORD SENSBLTY &,MISDEMEANOR,CHURCH
2023-10-27,2023.0,0.0,40.698131,-73.919463,83,BROOKLYN,GRAND LARCENY,FELONY,PUBLIC SCHOOL
2023-03-23,2023.0,12.0,40.725623,-73.81373,107,QUEENS,OFF. AGNST PUB ORD SENSBLTY &,MISDEMEANOR,RESIDENCE - APT. HOUSE
2023-09-13,2023.0,23.0,40.845657,-73.850007,49,BRONX,GRAND LARCENY OF MOTOR VEHICLE,FELONY,STREET
2023-12-20,2023.0,8.0,40.847687,-73.934934,33,MANHATTAN,FRAUDS,MISDEMEANOR,RESIDENCE - APT. HOUSE
2023-05-01,2023.0,19.0,40.81118598,-73.85772253,43,BRONX,PETIT LARCENY,MISDEMEANOR,STREET
2019-12-17,2019.0,12.0,40.728559,-73.80905,107,QUEENS,MISCELLANEOUS PENAL LAW,FELONY,RESIDENCE - APT. HOUSE
2019-12-17,2019.0,12.0,40.728559,-73.80905,107,QUEENS,MISCELLANEOUS PENAL LAW,FELONY,RESIDENCE - APT. HOUSE
2023-09-05,2023.0,19.0,40.864376,-73.901565,52,BRONX,OFF. AGNST PUB ORD SENSBLTY &,MISDEMEANOR,RESIDENCE - APT. HOUSE
2022-10-15,2022.0,0.0,40.664578,-73.935692,71,BROOKLYN,FELONY ASSAULT,FELONY,RESIDENCE - APT. HOUSE
2023-12-04,2023.0,8.0,40.684544,-73.929382,81,BROOKLYN,PETIT LARCENY,MISDEMEANOR,RESIDENCE - APT. HOUSE
2023-01-01,2023.0,0.0,40.855323,-73.885812,48,BRONX,OTHER STATE LAWS (NON PENAL LAW),MISDEMEANOR,RESIDENCE - APT. HOUSE
2018-05-05,2018.0,22.0,40.68078561263,-73.97447511622,78,BROOKLYN,SEX CRIMES,FELONY,RESIDENCE - PUBLIC HOUSING
