latitude,longitude
40.68700278618006,-73.9558379650116
40.75049,-73.87881
40.82196,-73.9566
40.6411511646172,-73.93908690502735
40.69014,-73.92943
40.85246,-73.91615
40.81817,-73.94474
40.65328,-73.93951
40.68099,-73.91239
40.67117,-73.87937
40.76523,-73.92812
40.80581,-73.94234
40.77395,-73.95153
40.79706,-73.94769
40.62914,-74.15927
40.77727,-73.91761
40.62384,-73.92868
40.74537,-73.83252
40.80613,-73.95033
40.71164,-73.96108
40.69149,-73.93662
40.74045,-73.99579
40.79543,-73.97359
40.69908,-73.95317
40.79016,-73.95092
40.71973,-73.99147
40.58726,-73.81588
40.75375,-73.99312
40.76148,-73.96077
40.75742,-73.99316
40.80138,-73.94142
40.8357,-73.90998
40.68466,-73.96635
40.67239,-73.78049
40.75436,-73.99391
40.80421,-73.92249
40.76246,-73.96359
40.60737,-73.76558
40.67423,-73.7496
40.68663,-73.93792
40.66486,-73.93151
40.75468,-73.9984
40.67379,-73.87445
40.80615,-73.94347
40.67942,-73.94141
40.8127,-73.90988
40.69075,-73.7573
40.80912,-73.93095
40.74657,-73.98715
40.6829,-73.92281
40.8215,-73.95655
40.70596,-73.91755
40.75728,-73.99496
40.64311,-73.94743
40.82504,-73.92749
40.68672,-73.91652
40.66241,-73.77154
40.86162,-73.86418
40.70599,-73.90881
40.68548,-73.95144
40.80467,-73.95018
40.737,-73.90426
40.63957,-73.95129
40.70351,-73.9255
40.88131,-73.90092
40.72249,-73.80087
40.74807,-73.99646
40.87911,-73.86093
40.63597,-74.00936
40.65199,-73.95816
40.68433,-73.95391
40.68559,-73.90993
40.673218,-73.897003
40.67583,-73.92661
40.74813,-73.98685
40.84212,-73.86856
40.80023,-73.93627
40.710941,-73.96553
40.80837,-73.9319
40.64531,-73.93415
40.81001,-73.9301
40.86753,-73.92257
40.66113,-73.96229
40.65534,-73.95557
40.6653,-73.91737
40.75724,-73.99582
40.68644,-73.9213
40.66464,-73.91868
40.82174,-73.95343
40.67886,-73.94063
40.81965,-73.92911
40.66928,-73.88406
40.81088,-73.90733
40.71585,-73.99039
40.79563,-73.96354
40.68902,-73.81421
40.78463,-73.97726
40.81176,-73.95303
40.72301,-73.97501
40.64096,-74.08665
40.88552,-73.8526
40.64719,-73.95315
40.679993,-73.952271
40.8094,-73.93974
40.70784,-73.80341
40.759125,-73.983765
40.65633,-73.95311
40.65006,-73.92698
40.67392,-73.87284
40.65079,-73.93171
40.68443,-73.76885
40.75948,-73.99315
40.68908,-73.98111
40.81745,-73.9433
40.79337,-73.93392
40.80478,-73.94366
40.74623,-73.98499
40.74491,-73.89209
40.71424,-73.98639
40.80497,-73.94733
40.68316,-73.91842
40.70673,-73.90763
40.71442,-73.98926
40.75013,-73.86851
40.66143,-73.9132
40.66949,-73.92675
40.71351,-73.8332
40.6821,-73.91245
40.70151,-73.92107
40.66829,-73.76312
40.80756,-73.92264
40.82256,-73.95141
40.68669,-73.94198
40.73153,-73.98398
40.75804,-73.89447
40.71301,-73.99454
40.79961,-73.95516
40.74674,-73.88593
40.86347,-73.92624
40.79502,-73.93323
40.79179,-73.94828
40.64802,-73.95608
40.79886,-73.94103
40.81009,-73.93122
40.68139,-73.91451
40.80067,-73.95249
40.8084,-73.94004
40.63769,-73.94402
40.65258,-73.91257
40.69121,-73.94063
40.65884,-73.95951
40.889088,-73.858711
40.72305,-73.97676
40.67251,-73.91549
40.79917,-73.95421
40.66854,-73.76522
40.67113,-73.87114
40.64901,-73.94107
40.8161,-73.94439
40.69833,-73.92994
40.64921,-73.94229
40.81457,-73.94466
40.67777,-73.90884
40.65982,-73.95116
40.79962,-73.93351
40.69961,-73.94072
40.70282,-73.93716
40.89154,-73.84316
40.81951,-73.9546
40.80791,-73.94046
40.67985,-73.93668
40.6968,-73.90816
40.70832,-73.95588
40.70054,-73.82785
40.68397,-73.93911
40.69073,-73.94072
40.79783,-73.94027
40.70178,-73.90558
40.66062,-73.8991
40.80633,-73.94585
40.8221,-73.94467
40.80991,-73.91957
40.84706,-73.90526
40.80208,-73.93607
40.73843,-73.92769
40.65055,-74.00174
40.67824,-73.95098
40.80206,-73.95442
40.83678,-73.8452
40.73952,-73.99671
40.72224,-73.97932
40.80115,-73.91567
40.66098,-73.88861
40.71639,-73.99086
40.71474,-73.99096
40.80097,-73.91421
40.80242,-73.91383
40.65418,-73.95344
40.66799,-73.7831
40.68092,-73.91145
40.68135,-73.91367
40.66044,-73.89917
40.79647,-73.93555
40.8344,-73.94482
40.66636,-73.88762
40.68753,-73.92684
40.6892,-73.92738
40.71369552612305,-73.96245574951172
40.67786,-73.91062
40.75575,-73.99496
40.74941,-73.9949
40.80582,-73.93972
40.67256,-73.86919
40.83555,-73.88589
40.84187,-73.93908
40.69609,-73.94497
40.67644,-73.88715
40.72469,-73.97686
40.68677,-73.91716
40.68057,-73.91305
40.67877,-73.90855
40.75643,-73.94273
40.65961,-73.89385
40.66098,-73.8943
40.65941,-73.89414
40.67916,-73.90895
40.67944,-73.90962
40.87901,-73.86221
40.67996,-73.91059
40.80375,-73.93604
40.80831,-73.93044
40.86777,-73.86018
40.81149,-73.91913
40.73589,-73.93488
40.81868,-73.94103
40.82762,-73.94213
40.8013,-73.94149
40.72731351881211,-73.9546369344042
40.78874,-73.94426
40.81296,-73.95263
40.80998836305985,-73.93170123949453
40.677357936013294,-73.90812710422973
40.76385,-73.98892
40.75724444648972,-73.8252397111145
40.6971383,-73.7919333
40.8516481,-73.9207176
40.8192713,-73.953777
40.74821796834309,-73.85417914846558
40.66958,-73.88896
40.72518,-73.9845
40.65106,-73.96183
40.83165,-73.91821
40.67026,-73.93575
40.64366,-73.95547
40.66276,-73.95091
40.65789,-74.0016
40.71776,-73.98187
40.67306,-73.887
40.80389,-73.94547
40.81388,-73.93611
40.80602,-73.95367
40.67449,-73.92699
40.79679,-73.93805
40.74865,-73.99565
40.83479,-73.94392
40.67319,-73.91315
40.86768,-73.8605
40.59367,-73.7887
40.86168,-73.84776
40.83565,-73.94352
40.75304,-73.97162
40.59709,-73.79926
40.75128,-74.00256
40.80903,-73.80338
40.6998,-73.91781
40.66791,-73.8843
40.6578,-73.91148
40.6571074,-73.95941359999999
40.64575,-73.90889
40.6842701,-73.9302848
40.59808253411952,-73.79193488836061
40.80716,-73.9416
40.7956,-73.93841
40.79586,-73.93882
40.67358,-73.9307
40.572864,-74.091115
40.69671,-73.91507
40.70734,-73.92789
40.6976907,-73.74149369999999
40.7116321,-73.99592969999999
40.70577,-73.9429
40.76229,-73.99076
40.70746,-73.95992
40.66154,-73.92301
40.848309,-73.904449
40.68264,-73.90628
40.795319,-73.962914
40.73534,-73.98676
40.80849,-73.93189
40.6849,-73.76061
40.74782,-73.98868
40.67536,-73.88939
40.66296,-73.95361
40.7732,-73.94773
40.68693,-73.91245
40.71333,-73.94055
40.68696,-73.94028
40.82221,-73.90325
40.66107,-73.90149
40.82908,-73.94687
40.71435,-73.90936
40.75668,-73.99339
40.75675,-73.9937
40.78741,-73.94298
40.67701,-73.97118
40.70362,-73.82057
40.66942,-73.87604
40.66106,-73.92277
40.67002,-73.87826
40.66981,-73.87756
40.7238,-73.99038
40.828,-73.90573
40.75687,-73.99378
40.66293,-73.88369
40.82491,-73.94555
40.83227,-73.91983
40.85306,-73.86644
40.81062,-73.93882
40.814148,-73.943657
40.71418,-73.99243
40.66169,-73.95277
40.67197,-73.94006
40.71983,-73.94079
40.82319,-73.90341
40.68712,-73.92283
40.6914,-73.90543
40.69248,-73.79669
40.68795,-73.91661
40.70741,-73.8086
40.8161154,-73.8643384
40.79599,-73.94583
40.68595,-73.93095
40.80885,-73.94821
40.80746,-73.94768
40.71806,-74.00095
40.71937,-74.0028
40.71852,-74.00081
40.75657,-73.83338
40.68085,-73.94861
40.67308,-73.92508
40.86639,-73.90151
40.6844,-73.95924
40.68684,-73.95112
40.68491,-73.79561
40.80988,-73.94403
40.7966,-73.93824
40.64163,-73.96001
40.68745,-73.9417
40.74656,-73.88558
40.69115,-73.94256
40.64937,-73.93525
40.666,-73.7716
40.64669,-73.94813
40.82339,-73.91425
40.80227,-73.93573
40.68573,-73.92294
40.79405,-73.93602
40.80945,-73.92007
40.78802,-73.94954
40.64815,-73.95108
40.8022,-73.93767
40.80643,-73.94931
40.68746,-73.91945
40.80389,-73.94945
40.81061,-73.94505
40.73118,-74.00316
40.68942,-73.93897
40.68584,-73.91186
40.72244,-73.94308
40.68047,-73.95022
40.78133,-73.9473
40.67685,-73.91672
40.81322,-73.95122
40.81587,-73.90052
40.79263,-73.94518
40.80552,-73.95421
40.85376,-73.89975
40.80804,-73.95798
40.812,-73.92178
40.74635,-73.9872
40.8820132,-73.8495215
40.80503,-73.95853
40.6587916,-73.96050389999999
40.67327,-73.90949
40.82132,-73.94611
40.66759,-73.93599
40.7578,-73.92748
40.83541,-73.92266
40.80243,-73.9373
40.66381,-73.9804
40.69493,-73.94314
40.69866,-73.94548
40.74873,-73.99556
40.86677,-73.84056
40.67269,-73.93905
40.70689,-73.93855
40.70125,-73.92877
40.69396,-73.9446
40.79847,-73.94833
40.68654,-73.92413
40.70840625032512,-73.92137992219641
40.67046,-73.95618
40.80999,-73.91997
40.66958,-73.77127
40.689484,-73.870471
40.80002,-73.94409
40.67683,-73.9842
40.74252120196174,-73.91739574603271
40.74868,-73.88013
40.68458,-73.76196
40.65815,-73.95127
40.6832989,-73.894235
40.81014,-73.94595
40.705546596465055,-73.93667701631784
40.66485,-73.93022
40.68077,-73.78823
40.68454,-73.8686
40.8088,-73.9361
40.88151,-73.8494
40.68242,-73.74555
40.7548,-73.99408
40.82598,-73.81935
40.82254,-73.93926
40.6852,-73.92873
40.69691,-73.81586
40.80964,-73.93802
40.75692,-73.99039
40.67357,-73.9645
40.65808,-73.98125
40.66923,-73.88367
40.67195,-73.90983
40.59509,-73.79508
40.67784,-73.90456
40.68298,-73.91946
40.67852,-73.94788
40.70329,-73.89344
40.79235,-73.94378
40.75639,-73.83486
40.65956,-73.89786
40.75755,-73.98573
40.82458,-73.94963
40.75613,-73.98573
40.7373,-73.89628
40.69509,-73.96605
40.74718,-73.9847
40.7564,-73.99828
40.75176,-73.93589
40.8353,-73.94369
40.69068,-73.92664
40.72105,-73.94616
40.69076,-73.90409
40.68447,-73.92474
40.81897,-73.94004
40.79441,-73.93929
40.68987,-73.95308
40.67677,-73.91006
40.75923,-73.95378
40.66351622611748,-73.76941141390496
40.80214,-73.94301
40.79566,-73.94167
40.87749,-73.864
40.79567,-73.942
40.62613,-74.07805
40.68482,-73.91961
40.80717,-73.95065
40.81645,-73.93778
40.69017,-73.93754
40.67381,-73.93207
40.6456,-74.08069
40.576569,-73.985207
40.68038,-73.92221
40.69178,-73.8385
40.82983,-73.94806
40.8011,-73.95613
40.68552,-73.93507
40.68301,-73.95607
40.64796,-73.95497
40.61481,-73.9906
40.82975,-73.94695
40.79807,-73.93765
40.81149,-73.92376
40.68501,-73.97273
40.68909,-73.87055
40.70792,-73.95422
40.80771,-73.9388
40.68653,-73.91388
40.75672,-73.99691
40.66712,-73.88691
40.86347,-73.84128
40.6988,-73.9377
40.75675,-73.99698
40.66699,-73.88915
40.66575,-73.88905
40.7983,-73.96204
40.75995,-73.80599
40.75682,-74.00147
40.66201046332608,-73.7707464881626
40.75473,-73.9967
40.65194,-73.95788
40.81911,-73.94596
40.66095,-73.95916
40.69096,-73.91987
40.83308,-73.94103
40.71776261937139,-73.98352808786075
40.80656,-73.928
40.693348,-73.824554
40.68452,-73.99093
40.80147552490234,-73.95636749267578
40.6825,-73.95038
40.8309,-73.94372
40.69415,-73.92415
40.81611,-73.92491
40.6989,-73.93892
40.67665,-73.95078
40.80852,-73.95488
40.749866,-73.997162
40.81204,-73.94234
40.5911,-73.79805
40.75899,-73.99259
40.6856,-73.93063
40.72001,-73.99252
40.69204,-73.86595
40.8046,-73.94971
40.66252,-73.93269
40.81997,-73.94058
40.86069,-73.90523
40.82948,-73.9374
40.80981,-73.93954
40.80971,-73.93829
40.67561,-73.89078
40.72472,-73.98755
40.6834,-73.90902
40.64272,-73.94819
40.68088,-73.93003
40.84451,-73.93417
40.80193,-73.95677
40.69912,-73.78687
40.66177,-73.94156
40.76534,-73.91944
40.80658,-73.94933
40.71389,-73.94192
40.68257,-73.90758
40.86926,-73.92221
40.65534,-73.91732
40.69855,-73.7845
40.66451,-73.91682
40.65588,-73.91522
40.68776,-73.87038
40.66563,-73.88892
40.69575,-73.9743
40.63862,-73.9116
40.67935,-73.94992
40.639664,-74.088959
40.72663,-73.98299
40.69816,-73.94067
40.69968,-73.94059
40.67129,-73.92768
40.79209,-73.9463
40.8087,-73.91909
40.68983,-73.91464
40.75976,-73.92899
40.81533,-73.93524
40.74629,-73.98688
40.71221,-73.92014
40.74818,-73.98726
40.59386,-73.78876
40.7464,-73.98701
40.59788,-73.79966
40.84772,-73.90845
40.74113,-73.99885
40.81563,-73.94315
40.74811,-73.98664
40.86795,-73.89203
40.660553,-73.899261
40.76018,-73.99078
40.65249,-73.9439
40.68487,-73.93477
40.82648,-73.91541
40.84815,-73.90448
40.68556,-73.93645
40.69897,-73.92241
40.84625,-73.90436
40.68744,-73.93659
40.74385,-73.87613
40.71389,-73.93677
40.68501,-73.93801
40.64564,-74.01245
40.85651,-73.90443
40.69184,-73.95787
40.64402,-73.99751
40.74257,-73.88363
40.75646,-73.8706
40.69523,-73.93519
40.74721,-73.98795
40.67888,-73.89025
40.79398,-73.93574
40.67563,-73.87809
40.70154,-73.89604
40.75892,-73.96104
40.75255,-73.93463
40.69299,-73.9482
40.69146,-73.94873
40.75257,-73.99302
40.68914,-73.90994
40.73069,-73.91994
40.6602,-73.89424
40.64601,-73.90387
40.84789,-73.90886
40.82202,-73.95647
40.73798,-73.863693
40.74813,-73.9872
40.78576,-73.94448
40.69644,-73.92897
40.69775,-73.93055
40.67285,-73.91909
40.82343,-73.93897
40.75106,-73.89411
40.63698,-74.026
40.79581,-73.9373
40.6895,-73.93589
40.81541,-73.93674
40.84242,-73.93789
40.67726,-74.0091
40.68327,-73.93163
40.72296,-73.99084
40.79619,-73.93765
40.64665,-73.95015
40.80964,-73.92174
40.79346,-73.9344
40.82372,-73.92623
40.67559,-73.89027
40.64396,-73.99293
40.76089,-73.92046
40.75791,-73.8601
40.69171,-73.9587
40.682,-73.90746
40.73538,-73.87935
40.65245,-73.94206
40.68169,-73.94342
40.69735,-73.93714
40.80983,-73.92184
40.82124,-73.92913
40.84592,-73.89141
40.82556,-73.94838
40.67878,-73.91265
40.80836,-73.91417
40.6605,-73.92398
40.67801,-73.90613
40.67756,-73.90811
40.75896,-73.94325
40.70011,-73.92994
40.6803,-73.94927
40.68307,-73.89141
40.74789,-73.98701
40.67606,-73.87935
40.69576,-73.96181
40.67863,-73.88347
40.8091,-73.95326
40.801,-73.94598
40.8261,-73.95131
40.69968,-73.91319
40.66228,-73.76676
40.71118,-73.95192
40.81124,-73.94128
40.80712,-73.93898
40.68625,-73.92504
40.81943,-73.92911
40.685,-73.96044
40.80327,-73.9351
40.67056,-73.93422
40.69083,-73.90876
40.73445,-73.8554
40.721359,-73.993668
40.69121,-73.96804
40.69132,-73.97306
40.67582,-73.9518
40.72489,-73.9781
40.79934,-73.94236
40.8019,-73.93762
40.80617,-73.94757
40.80747,-73.94076
40.8238,-73.94444
40.67478,-73.95165
40.81486,-73.94696
40.75683,-73.99317
40.75632,-73.98113
40.83582,-73.91451
40.75093,-73.9353
40.67291,-73.81341
40.72576,-73.9761
40.68352,-73.95952
40.683,-73.94421
40.74615,-73.98715
40.67118,-73.79307
40.7478,-73.98689
40.58972,-73.81114
40.70913,-73.78349
40.86754,-73.85472
40.75234,-73.81507
40.65579,-73.9581
40.69599,-73.93435
40.80072,-73.94837
40.758,-73.86991
40.68786,-73.92713
40.7198,-73.85915
40.68501,-73.94354
40.68413,-73.92546
40.81313,-73.94152
40.8292,-73.94221
40.70979,-73.92209
40.749565,-73.996368
40.67164,-73.95175
40.67086,-73.94563
40.68062,-73.93753
40.80104,-73.95269
40.71521,-73.94256
40.70943,-73.94011
40.76404,-73.99478
40.66166,-73.92155
40.6438,-73.94973
40.79728,-73.94868
40.81903,-73.95314
40.7161,-73.99518
40.69595,-73.91247
40.70876,-73.96418
40.68942,-73.82511
40.75146,-73.99647
40.84484,-73.86203
40.82114,-73.94141
40.80946,-73.94437
40.83106,-73.92168
40.81616,-73.94991
40.75676,-73.99343
40.66296,-73.92896
40.65204,-73.93111
40.71224,-73.9624
40.67052,-73.94061
40.68797,-73.928
40.67492,-73.91262
40.81015,-73.92025
40.61989,-74.08581
40.8094,-73.93796
40.67947,-73.91008
40.76554,-73.83042
40.66231,-73.99206
40.8308,-73.9162
40.70096,-73.90739
40.68074,-73.91969
40.86882,-73.92374
40.65333,-73.94522
40.79054,-73.94602
40.78846,-73.97459
40.77507,-73.93367
40.79128,-73.94125
40.691233,-73.972702
40.68294,-73.95682
40.68216,-73.94594
40.70458,-73.91835
40.68769,-73.91788
40.67823,-73.94719
40.82569,-73.93842
40.74691,-73.9915
40.79983,-73.94118
40.74815,-73.98892
40.82697,-73.93944
40.67723,-73.89856
40.80948,-73.94727
40.89649,-73.85695
40.69598,-73.94185
40.867123,-73.927231
40.82208,-73.93799
40.84829,-73.90444
40.78707,-73.84912
40.7526,-73.99308
40.76411,-73.99371
40.88472,-73.86267
40.7341,-74.00073
40.82735,-73.94188
40.65845,-73.92386
40.68826,-73.98558
40.81621,-73.94669
40.6903,-73.97589
40.70693,-73.94922
40.68413,-73.93538
40.68921,-73.95439
40.78923,-73.946
40.69101,-73.95018
40.67346,-73.87263
40.66941,-73.94988
40.83338,-73.94326
40.69283,-73.94529
40.68014,-73.91835
40.82567,-73.82069
40.82092,-73.85138
40.75331,-73.99243
40.69009,-73.98312
40.68353,-73.90744
40.63822,-73.90648
40.75993,-73.90933
40.766796,-73.828362
40.83104,-73.89533
40.81418,-73.88878
40.78547,-73.97488
40.87469,-73.88456
40.76247,-73.92676
40.67808,-73.90986
40.85604,-73.90403
40.869,-73.89349
40.82274,-73.91353
40.6795,-73.94367
40.69341,-73.96319
40.68769,-73.91286
40.82825,-73.94789
40.80558,-73.94497
40.65355,-73.94799
40.78976,-73.94676
40.79984,-73.95532
40.76822,-73.87467
40.72251,-73.97956
40.79772,-73.94215
40.76708,-73.87295
40.81002,-73.85127
40.785671,-73.949539
40.81082,-73.95711
40.71163,-73.95716
40.80872,-73.92185
40.60765,-73.76446
40.69592,-73.92576
40.62534,-74.07705
40.67986,-73.91107
40.82456,-73.94046
40.83897,-73.94374
40.67257,-73.92646
40.82363,-73.94555
40.72085,-73.98204
40.80683,-73.94574
40.79614,-73.94867
40.68583,-73.9263
40.63763,-73.94979
40.68369,-73.98586
40.74759,-73.9771
40.79528,-73.93495
40.81383,-73.94199
40.81975,-73.87568
40.81282,-73.94465
40.67126,-73.94512
40.68644,-73.95618
40.80051,-73.95247
40.76639,-73.98449
40.81465,-73.94104
40.70287,-73.93583
40.82822,-73.94286
40.69467,-73.90932
40.67548,-73.87881
40.7403,-73.98599
40.69915,-73.93706
40.70657,-73.93664
40.66161,-73.95644
40.71952,-73.99141
40.60417,-73.95651
40.83017,-73.94945
40.68089,-73.9629
40.70154,-73.95256
40.68871,-73.9377
40.7301,-73.89931
40.71415,-73.98999
40.82953,-73.94923
40.76748424021804,-73.98660874975735
40.80243,-73.93604
40.75609,-73.99801
40.69484,-73.94111
40.76735,-73.95933
40.68778,-73.91437
40.69909,-73.93937
40.75159,-73.86362
40.6867,-73.90766
40.65186,-73.95721
40.75303,-73.9941
40.69821,-73.93217
40.64225,-73.94935
40.64041,-74.08834
40.63935,-73.90823
40.71254,-73.91882
40.71644,-73.99072
40.67602,-73.94471
40.71249,-73.92015
40.72383,-73.97671
40.75257,-73.93556
40.71099,-74.00913
40.71111,-74.00902
40.75555,-73.99227
40.71099,-74.00944
40.69448,-73.93722
40.67086,-73.92105
40.79913,-73.93895
40.63339,-74.0182
40.63652,-74.07553
40.81253,-73.94372
40.65922,-73.92051
40.7413,-73.89735
40.71198,-73.99656
40.75328,-73.93255
40.79841,-73.93463
40.74707,-73.98785
40.65544,-73.91656
40.88825,-73.85908
40.72012,-74.00397
40.8104,-73.94309
40.792667388916016,-73.946533203125
40.6686,-73.98723
40.72297,-73.98265
40.68288,-73.95646
40.67582,-73.94316
40.78764,-73.97274
40.68096,-73.94062
40.67188,-73.95097
40.72036,-73.99435
40.67586,-73.87938
40.67619,-73.94666
40.7461,-73.98816
40.74768,-73.98693
40.63939,-73.90794
40.84602,-73.89279
40.68348,-73.93164
40.7479,-73.99125
40.67294,-73.95203
40.74334,-73.87427
40.64707,-74.01839
40.68568,-73.87253
40.68482,-73.9361
40.82281,-73.94636
40.79783,-73.94063
40.75905,-73.96246
40.67169,-73.84235
40.68665,-73.93007
40.68244,-73.95225
40.67764,-73.94803
40.68533,-73.99775
40.64221,-73.93982
40.788902,-73.943016
40.68867,-73.94935
40.80816,-73.95487
40.68848,-73.95602
40.81281,-73.90779
40.67445,-73.92151
40.80732,-73.94025
40.6777,-73.94611
40.70813,-73.93279
40.67586058866017,-73.95610325038433
40.7557,-73.98375
40.82639,-73.93917
40.70518,-73.93911
40.66974,-73.87707
40.70598,-73.9406
40.71111,-73.96482
40.69494,-73.93709
40.70433,-73.91699
40.81214,-73.88873
40.72051,-73.99054
40.66842,-73.89919
40.76539,-73.99498
40.7623,-73.99103
40.76125,-73.9919
40.70602,-74.00383
40.76276,-73.87183
40.58551,-73.81772
40.68314,-73.98769
40.74934,-73.9967
40.78824,-73.94004
40.69386,-73.9457
40.69796,-73.93487
40.69916,-73.81413
40.7675,-73.98541
40.81816,-73.94596
40.79484,-73.94957
40.79747,-73.9385
40.74284,-73.88073
40.69154,-73.9449
40.80867,-73.93974
40.65712,-73.96105
40.68634,-73.95055
40.79591,-73.93843
40.68205,-73.89504
40.63349,-73.94547
40.71973234586191,-73.99399567745608
40.73987,-73.9956
40.61169,-74.08928
40.60016,-73.75288
40.67389,-73.95817
40.82397,-73.93713
40.74627,-73.98801
40.74173,-73.90586
40.68966,-73.94624
40.68773,-73.91614
40.6957,-73.93488
40.7568,-73.91448
40.80116,-73.95043
40.67987,-73.94863
40.69787,-73.9372
40.80825,-73.93708
40.80921,-73.94334
40.69573,-73.90954
40.67403,-73.94139
40.65774,-73.97557
40.81504,-73.94111
40.68616,-73.95592
40.69894,-73.93823
40.71495,-73.96079
40.67321,-73.91821
40.79675,-73.93634
40.68702,-73.94917
40.70267,-73.92716
40.68879,-73.91635
40.69049,-73.93212
40.68849,-73.94224
40.69934,-73.77035
40.69396,-73.75638
40.7375,-73.88446
40.72361,-73.98693
40.77364,-73.95511
40.73717,-73.86495
40.69687,-73.93219
40.63222,-73.95436
40.62787,-74.00814
40.81527,-73.94288
40.68762,-73.92304
40.68505,-73.9379
40.70975,-73.73963
40.80581,-73.94614
40.67148,-73.92505
40.75545,-73.99338
40.80559,-73.95632
40.68873,-73.94394
40.58618,-73.81674
40.80652,-73.94709
40.72365,-73.97504
40.6418,-73.93255
40.67887,-74.00785
40.67397,-73.97733
40.80082,-73.94738
40.686,-73.91567
40.8284,-73.93931
40.79573,-73.9361
40.66513,-73.91682
40.81005,-73.93566
40.67276814863932,-73.77867654197716
40.74846,-73.98808
40.74784,-73.98834
40.710979570506495,-73.99209848402974
40.83869,-73.94061
40.80127,-73.95868
40.62817,-74.07965
40.85137,-73.93206
40.75405,-73.99237
40.68275,-73.83897
40.70617,-74.01486
40.69836,-73.93113
40.67194,-73.79513
40.82794,-73.94829
40.80898,-73.93804
40.86781,-73.92412
40.68288,-73.90945
40.67035,-73.92611
40.67174,-73.97464
40.7289,-73.98243
40.75576,-73.85847
40.81264,-73.94392
40.82625,-73.94097
40.67375,-73.9313
40.74628,-73.98862
40.70455,-73.94358
40.66076,-73.92994
40.67862,-73.79618
40.68779,-73.86484
40.63188,-73.906
40.63006,-74.13708
40.682037,-73.796814
40.65278,-73.95744
40.73594,-73.93319
40.68926,-73.93107
40.69002,-73.9342
40.84491,-73.93846
40.635296,-73.907608
40.66821,-73.89567
40.8366813659668,-73.83421325683594
40.68275,-73.92338
40.66928,-73.89383
40.68355,-73.95401
40.68915,-73.91919
40.84323,-73.93887
40.81767,-73.8899
40.67743,-73.9203
40.80109,-73.95323
40.5973,-73.96166
40.68213,-73.91069
40.73764,-74.0041
40.68428,-73.93173
40.66656,-73.94764
40.68651,-73.94395
40.78721,-73.97
40.70594,-73.80345
40.80625,-73.92289
40.63984,-73.97482
40.8015,-73.93711
40.76026,-73.88488
40.86299,-73.92182
40.66344,-73.93149
40.8791,-73.86336
40.692,-73.95784
40.73845,-73.86475
40.87807,-73.84993
40.73774,-73.90887
40.79713,-73.96145
40.83756,-73.86904
40.81037,-73.94459
40.6363,-73.95254
40.8224,-73.9542
40.67381,-73.90063
40.69614,-73.91173
40.82429,-73.9271
40.87063,-73.8983
40.67139,-73.87767
40.79904,-73.9458
40.80796,-73.9402
40.71271,-73.99104
40.68884,-73.93059
40.68998,-73.9307
40.69049,-73.93005
40.88635,-73.90974
40.68886,-73.92871
40.65118,-73.96076
40.80754,-73.94473
40.75545,-73.8643
40.59997,-73.9563
40.76676,-73.91276
40.69543,-73.82596
40.75022,-73.99585
40.80056,-73.91306
40.64712,-73.9466
40.66074,-73.95144
40.66776,-73.9588
40.68489,-73.95341
40.82236,-73.9478
40.74957,-73.99637
40.76744,-73.92841
40.8827,-73.86281
40.71521,-73.99953
40.80827,-73.94002
40.68155,-73.92082
40.74745,-73.86926
40.67496,-73.87161
40.74816,-73.98874
40.82302,-73.94079
40.68144,-73.89083
40.74136,-73.98337
40.79933,-73.96245
40.82374,-73.95449
40.82443,-73.95502
40.704903,-74.006416
40.72438,-73.9907
40.81826,-73.94621
40.8316,-73.94091
40.69098,-73.91893
40.69189,-73.92391
40.78336,-73.97812
40.67561,-73.93766
40.72259,-73.99141
40.74691,-73.98683
40.61572,-74.0671
40.84524,-73.90798
40.79618,-73.93997
40.76151,-73.98951
40.76232,-73.98893
40.74772,-73.98682
40.62725,-74.08235
40.67462,-73.78348
40.67116,-73.93293
40.69424,-73.97312
40.73612,-73.91797
40.6873,-73.92881
40.85002,-73.93937
40.67726,-73.95135
40.69591,-73.94223
40.67207,-73.87848
40.66797,-73.76526
40.85287,-73.91624
40.75099,-73.998
40.69033,-73.96086
40.85816,-73.83468
40.80219,-73.95272
40.69024,-73.94671
40.70762,-73.92267
40.85974,-73.92671
40.67638,-73.94703
40.83371,-73.94437
40.69111,-73.91141
40.6884,-73.94714
40.6522,-73.96164
40.58752,-73.81549
40.66728,-73.89013
40.65104,-73.94982
40.84913,-73.93411
40.82398,-73.94346
40.72175,-73.98361
40.69035,-73.92879
40.65796,-73.95901
40.82576,-73.90124
40.81398,-73.88751
40.75403,-73.96951
40.69691,-73.97592
40.68506,-73.93867
40.66063,-73.89887
40.68129,-73.93004
40.66145,-73.89935
40.67391,-73.89394
40.80689,-73.94827
40.78976,-73.94703
40.66666,-73.78418
40.66794,-73.78502
40.6683,-73.78371
40.6685,-73.78308
40.75573,-73.99628
40.68421,-73.92135
40.64379,-73.94762
40.8245,-73.91501
40.70266,-73.92633
40.6453,-73.95114
40.66673,-73.78314
40.67134,-73.87862
40.6291,-73.90154
40.71478,-73.98548
40.69256,-73.94071
40.68562,-73.92219
40.80504,-73.95732
40.80303,-73.93888
40.66748,-73.92589
40.69613,-73.96585
40.74844,-73.99665
40.7156,-73.93961
40.67561,-73.93118
40.6769,-73.9454
40.68251,-73.96071
40.64458,-74.08005
40.71089,-73.78318
40.66616,-73.93288
40.74908,-73.99446
40.64672,-73.95397
40.80037,-73.94338
40.74882,-73.99476
40.5973,-73.74712
40.58959,-73.81339
40.66248,-73.8919
40.68072,-73.94138
40.81951,-73.95308
40.67922,-73.79092
40.81349,-73.95326
40.79346,-73.94374
40.65482,-74.01142
40.69141,-73.94652
40.59262,-73.78894
40.65715,-73.94925
40.68901,-73.95677
40.69892,-73.95498
40.80973,-73.94374
40.6748,-73.94521
40.80454,-73.9462
40.81992,-73.92809
40.63031,-74.08091
40.69003,-73.82132
40.63398,-74.07871
40.67337,-73.92492
40.68303,-73.92449
40.79052,-73.9485
40.84902,-73.89993
40.68208,-73.94965
40.66146,-73.95063
40.69071,-73.93739
40.59083,-73.78898
40.79682,-73.93614
40.82966,-73.94831
40.61266,-74.0011
40.69374,-73.92077
40.58418,-73.95929
40.75921,-73.8758
40.79678,-73.9344
40.69135,-73.8067
40.676884,-73.907265
40.68398,-73.874
40.66553,-73.95638
40.75552,-73.96699
40.59739,-73.79898
40.75618,-73.93703
40.6618,-73.91616
40.66908,-73.93196
40.84163,-73.92639
40.66018,-73.93995
40.79751,-73.93328
40.76725,-73.95852
